{"_via_settings":{"ui":{"annotation_editor_height":25,"annotation_editor_fontsize":0.8,"leftsidebar_width":18,"image_grid":{"img_height":80,"rshape_fill":"none","rshape_fill_opacity":0.3,"rshape_stroke":"yellow","rshape_stroke_width":2,"show_region_shape":true,"show_image_policy":"all"},"image":{"region_label":"__via_region_id__","region_color":"__via_default_region_color__","region_label_font":"10px Sans","on_image_annotation_editor_placement":"NEAR_REGION"}},"core":{"buffer_size":18,"filepath":{},"default_filepath":""},"project":{"name":"Video06"}},"_via_img_metadata":{"Video06_Frame_001.jpg10587":{"filename":"Video06_Frame_001.jpg","size":10587,"regions":[{"shape_attributes":{"name":"polyline","all_points_x":[4,16,32,38,50,56,66,76,77,71,66,69,64,52,42,36,22,12,5,2,2,4],"all_points_y":[210,208,218,224,224,214,213,215,224,226,231,241,246,244,240,237,234,234,234,228,218,210]},"region_attributes":{"Fire":"1"}}],"file_attributes":{}},"Video06_Frame_002.jpg13432":{"filename":"Video06_Frame_002.jpg","size":13432,"regions":[{"shape_attributes":{"name":"polyline","all_points_x":[4,16,32,38,50,56,66,76,77,71,66,69,64,52,42,36,22,12,5,2,2,4],"all_points_y":[210,208,218,224,224,214,213,215,224,226,231,241,246,244,240,237,234,234,234,228,218,210]},"region_attributes":{"Fire":"1"}}],"file_attributes":{}},"Video06_Frame_003.jpg18532":{"filename":"Video06_Frame_003.jpg","size":18532,"regions":[{"shape_attributes":{"name":"polyline","all_points_x":[2,4,7,13,21,25,25,0,0,2],"all_points_y":[230,231,242,247,249,253,256,256,230,230]},"region_attributes":{"Fire":"1"}}],"file_attributes":{}},"Video06_Frame_004.jpg19245":{"filename":"Video06_Frame_004.jpg","size":19245,"regions":[{"shape_attributes":{"name":"polyline","all_points_x":[2,4,7,13,21,25,25,0,0,2],"all_points_y":[230,231,242,247,249,253,256,256,230,230]},"region_attributes":{"Fire":"1"}}],"file_attributes":{}},"Video06_Frame_005.jpg20772":{"filename":"Video06_Frame_005.jpg","size":20772,"regions":[{"shape_attributes":{"name":"polygon","all_points_x":[0,8,33,53,61,62,35,16,0],"all_points_y":[213,207,217,228,235,256,256,256,256]},"region_attributes":{"Fire":"1"}}],"file_attributes":{}},"Video06_Frame_006.jpg20934":{"filename":"Video06_Frame_006.jpg","size":20934,"regions":[{"shape_attributes":{"name":"polygon","all_points_x":[0,8,33,53,61,63,0],"all_points_y":[213,207,217,228,235,256,256]},"region_attributes":{"Fire":"1"}}],"file_attributes":{}},"Video06_Frame_007.jpg21499":{"filename":"Video06_Frame_007.jpg","size":21499,"regions":[{"shape_attributes":{"name":"polygon","all_points_x":[1,1,14,23,31,49,62,64,52,46,42,1,1],"all_points_y":[209,159,164,178,204,215,231,255,255,255,255,255,229]},"region_attributes":{"Fire":"1"}}],"file_attributes":{}},"Video06_Frame_008.jpg21932":{"filename":"Video06_Frame_008.jpg","size":21932,"regions":[{"shape_attributes":{"name":"polygon","all_points_x":[1,1,14,23,31,49,62,64,52,46,42,1,1],"all_points_y":[209,159,164,178,204,215,231,255,255,255,255,255,229]},"region_attributes":{"Fire":"1"}}],"file_attributes":{}},"Video06_Frame_009.jpg22457":{"filename":"Video06_Frame_009.jpg","size":22457,"regions":[{"shape_attributes":{"name":"polygon","all_points_x":[1,11,18,47,58,62,57,44,36,37,55,49,18,7,1],"all_points_y":[128,133,152,179,175,182,189,193,189,199,208,217,206,181,162]},"region_attributes":{"Fire":"1"}}],"file_attributes":{}},"Video06_Frame_010.jpg22312":{"filename":"Video06_Frame_010.jpg","size":22312,"regions":[{"shape_attributes":{"name":"polygon","all_points_x":[1,11,18,47,58,62,57,44,36,37,55,49,18,7,1],"all_points_y":[128,133,152,179,175,182,189,193,189,199,208,217,206,181,162]},"region_attributes":{"Fire":"1"}}],"file_attributes":{}},"Video06_Frame_011.jpg22500":{"filename":"Video06_Frame_011.jpg","size":22500,"regions":[{"shape_attributes":{"name":"polygon","all_points_x":[3,14,20,22,28,28,23,12,2,1,1],"all_points_y":[78,81,90,108,120,134,157,160,153,146,111]},"region_attributes":{"Fire":"1"}}],"file_attributes":{}},"Video06_Frame_012.jpg22360":{"filename":"Video06_Frame_012.jpg","size":22360,"regions":[{"shape_attributes":{"name":"polygon","all_points_x":[3,14,20,22,28,28,23,12,2,1,1],"all_points_y":[78,81,90,108,120,134,157,160,153,146,111]},"region_attributes":{"Fire":"1"}}],"file_attributes":{}},"Video06_Frame_013.jpg22012":{"filename":"Video06_Frame_013.jpg","size":22012,"regions":[],"file_attributes":{}},"Video06_Frame_014.jpg22085":{"filename":"Video06_Frame_014.jpg","size":22085,"regions":[],"file_attributes":{}},"Video06_Frame_015.jpg22653":{"filename":"Video06_Frame_015.jpg","size":22653,"regions":[],"file_attributes":{}},"Video06_Frame_016.jpg22643":{"filename":"Video06_Frame_016.jpg","size":22643,"regions":[],"file_attributes":{}},"Video06_Frame_017.jpg22661":{"filename":"Video06_Frame_017.jpg","size":22661,"regions":[],"file_attributes":{}},"Video06_Frame_018.jpg22711":{"filename":"Video06_Frame_018.jpg","size":22711,"regions":[],"file_attributes":{}},"Video06_Frame_019.jpg22604":{"filename":"Video06_Frame_019.jpg","size":22604,"regions":[{"shape_attributes":{"name":"polygon","all_points_x":[0,14,25,39,39,25,8,4,0],"all_points_y":[103,105,115,123,133,130,125,129,129]},"region_attributes":{"Fire":"1"}}],"file_attributes":{}},"Video06_Frame_020.jpg22439":{"filename":"Video06_Frame_020.jpg","size":22439,"regions":[{"shape_attributes":{"name":"polygon","all_points_x":[0,14,25,39,39,25,8,4,0],"all_points_y":[103,105,115,123,133,130,125,129,129]},"region_attributes":{"Fire":"1"}}],"file_attributes":{}},"Video06_Frame_021.jpg22638":{"filename":"Video06_Frame_021.jpg","size":22638,"regions":[{"shape_attributes":{"name":"polygon","all_points_x":[0,9,21,33,46,49,55,66,73,67,60,47,33,20,14,11,10,8,0],"all_points_y":[68,70,71,73,81,91,100,104,108,113,115,110,106,105,109,107,99,96,96]},"region_attributes":{"Fire":"1"}}],"file_attributes":{}},"Video06_Frame_022.jpg22542":{"filename":"Video06_Frame_022.jpg","size":22542,"regions":[{"shape_attributes":{"name":"polygon","all_points_x":[0,9,21,33,46,49,55,66,73,67,60,47,33,20,14,11,10,8,0],"all_points_y":[68,70,71,73,81,91,100,104,108,113,115,110,106,105,109,107,99,96,96]},"region_attributes":{"Fire":"1"}}],"file_attributes":{}},"Video06_Frame_023.jpg22454":{"filename":"Video06_Frame_023.jpg","size":22454,"regions":[{"shape_attributes":{"name":"polygon","all_points_x":[0,10,21,36,43,48,51,65,68,77,78,58,16,10,3,3,10,7,2,0],"all_points_y":[50,45,53,54,48,51,61,63,73,85,93,88,60,67,70,80,92,108,105,104]},"region_attributes":{"Fire":"1"}}],"file_attributes":{}},"Video06_Frame_024.jpg22328":{"filename":"Video06_Frame_024.jpg","size":22328,"regions":[{"shape_attributes":{"name":"polygon","all_points_x":[0,10,21,36,43,48,51,65,68,77,78,58,16,10,3,3,10,7,2,0],"all_points_y":[50,45,53,54,48,51,61,63,73,85,93,88,60,67,70,80,92,108,105,104]},"region_attributes":{"Fire":"1"}}],"file_attributes":{}},"Video06_Frame_025.jpg22702":{"filename":"Video06_Frame_025.jpg","size":22702,"regions":[{"shape_attributes":{"name":"polygon","all_points_x":[0,8,17,26,29,32,32,20,15,26,12,12,31,19,4,0],"all_points_y":[35,37,40,49,53,68,77,76,85,108,121,153,160,181,185,172]},"region_attributes":{"Fire":"1"}}],"file_attributes":{}},"Video06_Frame_026.jpg22655":{"filename":"Video06_Frame_026.jpg","size":22655,"regions":[{"shape_attributes":{"name":"polygon","all_points_x":[0,8,17,26,29,32,32,20,15,22,8,6,9,31,19,4,0],"all_points_y":[35,37,40,49,53,68,77,76,85,104,120,138,150,160,181,185,172]},"region_attributes":{"Fire":"1"}}],"file_attributes":{}},"Video06_Frame_027.jpg22736":{"filename":"Video06_Frame_027.jpg","size":22736,"regions":[{"shape_attributes":{"name":"polygon","all_points_x":[0,7,14,18,33,41,42,34,28,19,21,27,36,34,25,15,13,7,0],"all_points_y":[46,51,59,69,71,81,95,113,124,131,142,155,160,172,176,163,156,148,145]},"region_attributes":{"Fire":"1"}}],"file_attributes":{}},"Video06_Frame_028.jpg22590":{"filename":"Video06_Frame_028.jpg","size":22590,"regions":[{"shape_attributes":{"name":"polygon","all_points_x":[0,7,14,18,33,41,42,34,28,19,21,27,36,34,25,15,13,7,0],"all_points_y":[46,51,59,69,71,81,95,113,124,131,142,155,160,172,176,163,156,148,145]},"region_attributes":{"Fire":"1"}}],"file_attributes":{}},"Video06_Frame_029.jpg22466":{"filename":"Video06_Frame_029.jpg","size":22466,"regions":[{"shape_attributes":{"name":"polygon","all_points_x":[0,8,24,40,44,44,49,52,56,71,66,57,53,45,36,29,26,24,20,14,7,2,1,0],"all_points_y":[139,129,122,125,110,104,101,100,102,94,80,65,61,43,49,48,39,27,16,10,7,2,2,2]},"region_attributes":{"Fire":"1"}}],"file_attributes":{}},"Video06_Frame_030.jpg22406":{"filename":"Video06_Frame_030.jpg","size":22406,"regions":[{"shape_attributes":{"name":"polygon","all_points_x":[0,8,24,40,44,44,49,52,56,71,66,57,53,45,36,29,26,24,20,14,7,2,1,0],"all_points_y":[139,129,122,125,110,104,101,100,102,94,80,65,61,43,49,48,39,27,16,10,7,2,2,2]},"region_attributes":{"Fire":"1"}}],"file_attributes":{}},"Video06_Frame_031.jpg22271":{"filename":"Video06_Frame_031.jpg","size":22271,"regions":[{"shape_attributes":{"name":"polygon","all_points_x":[0,13,20,25,38,46,52,58,77,86,94,94,52,52,66,62,56,48,38,29,26,24,25,21,0],"all_points_y":[120,118,117,116,116,106,100,96,94,88,66,62,62,39,39,29,23,19,19,18,17,9,1,0,0]},"region_attributes":{"Fire":"1"}}],"file_attributes":{}},"Video06_Frame_032.jpg22093":{"filename":"Video06_Frame_032.jpg","size":22093,"regions":[{"shape_attributes":{"name":"polygon","all_points_x":[0,13,20,25,38,46,52,58,77,86,94,94,52,52,66,62,56,48,38,29,26,24,25,21,0],"all_points_y":[120,118,117,116,116,106,100,96,94,88,66,62,62,39,39,29,23,19,19,18,17,9,1,0,0]},"region_attributes":{"Fire":"1"}}],"file_attributes":{}},"Video06_Frame_033.jpg21780":{"filename":"Video06_Frame_033.jpg","size":21780,"regions":[{"shape_attributes":{"name":"polygon","all_points_x":[0,10,19,25,28,40,47,49,53,80,82,94,96,97,97,103,107,108,110,111,108,52,52,115,117,119,117,108,96,90,79,66,51,46,32,25,21,20,19,21,19,20,16,8,6,1,0],"all_points_y":[16,15,14,16,21,20,16,4,0,0,3,5,11,14,15,15,20,24,33,38,39,39,62,62,76,84,93,87,87,89,97,103,106,115,122,129,125,119,113,109,95,85,78,78,70,69,68]},"region_attributes":{"Fire":"1"}}],"file_attributes":{}},"Video06_Frame_034.jpg21675":{"filename":"Video06_Frame_034.jpg","size":21675,"regions":[{"shape_attributes":{"name":"polygon","all_points_x":[0,10,19,25,28,40,47,49,53,80,82,94,96,97,97,103,107,108,110,111,108,52,52,115,117,119,117,108,96,90,79,66,51,46,32,25,21,20,19,21,19,20,16,8,6,1,0],"all_points_y":[16,15,14,16,21,20,16,4,0,0,3,5,11,14,15,15,20,24,33,38,39,39,62,62,76,84,93,87,87,89,97,103,106,115,122,129,125,119,113,109,95,85,78,78,70,69,68]},"region_attributes":{"Fire":"1"}}],"file_attributes":{}},"Video06_Frame_035.jpg20800":{"filename":"Video06_Frame_035.jpg","size":20800,"regions":[{"shape_attributes":{"name":"polygon","all_points_x":[129,128,123,119,118,117,113,52,52,99,96,83,76,59,55,58,63,65,63,52,37,38,42,48,42,36,33,33,33,72,78,77,73,68,70,78,89,96,96,98],"all_points_y":[0,6,14,22,30,35,39,39,62,62,69,79,89,101,98,93,82,72,66,64,55,43,36,29,26,26,26,13,0,0,3,11,20,27,31,28,23,9,4,0]},"region_attributes":{"Fire":"1"}}],"file_attributes":{}},"Video06_Frame_036.jpg20708":{"filename":"Video06_Frame_036.jpg","size":20708,"regions":[{"shape_attributes":{"name":"polygon","all_points_x":[129,128,123,119,118,117,113,52,52,99,96,83,76,59,55,58,63,65,63,52,37,38,42,48,42,36,33,33,33,72,78,77,73,68,70,78,89,96,96,98],"all_points_y":[0,6,14,22,30,35,39,39,62,62,69,79,89,101,98,93,82,72,66,64,55,43,36,29,26,26,26,13,0,0,3,11,20,27,31,28,23,9,4,0]},"region_attributes":{"Fire":"1"}}],"file_attributes":{}},"Video06_Frame_037.jpg20724":{"filename":"Video06_Frame_037.jpg","size":20724,"regions":[],"file_attributes":{}},"Video06_Frame_038.jpg20674":{"filename":"Video06_Frame_038.jpg","size":20674,"regions":[],"file_attributes":{}},"Video06_Frame_039.jpg20596":{"filename":"Video06_Frame_039.jpg","size":20596,"regions":[],"file_attributes":{}},"Video06_Frame_040.jpg20494":{"filename":"Video06_Frame_040.jpg","size":20494,"regions":[],"file_attributes":{}},"Video06_Frame_041.jpg20453":{"filename":"Video06_Frame_041.jpg","size":20453,"regions":[],"file_attributes":{}},"Video06_Frame_042.jpg20351":{"filename":"Video06_Frame_042.jpg","size":20351,"regions":[],"file_attributes":{}},"Video06_Frame_043.jpg20583":{"filename":"Video06_Frame_043.jpg","size":20583,"regions":[],"file_attributes":{}},"Video06_Frame_044.jpg20455":{"filename":"Video06_Frame_044.jpg","size":20455,"regions":[],"file_attributes":{}},"Video06_Frame_045.jpg20751":{"filename":"Video06_Frame_045.jpg","size":20751,"regions":[],"file_attributes":{}},"Video06_Frame_046.jpg20653":{"filename":"Video06_Frame_046.jpg","size":20653,"regions":[],"file_attributes":{}},"Video06_Frame_047.jpg20935":{"filename":"Video06_Frame_047.jpg","size":20935,"regions":[],"file_attributes":{}},"Video06_Frame_048.jpg20714":{"filename":"Video06_Frame_048.jpg","size":20714,"regions":[],"file_attributes":{}},"Video06_Frame_049.jpg20849":{"filename":"Video06_Frame_049.jpg","size":20849,"regions":[],"file_attributes":{}},"Video06_Frame_050.jpg20744":{"filename":"Video06_Frame_050.jpg","size":20744,"regions":[],"file_attributes":{}},"Video06_Frame_051.jpg20949":{"filename":"Video06_Frame_051.jpg","size":20949,"regions":[],"file_attributes":{}},"Video06_Frame_052.jpg20812":{"filename":"Video06_Frame_052.jpg","size":20812,"regions":[],"file_attributes":{}},"Video06_Frame_053.jpg21021":{"filename":"Video06_Frame_053.jpg","size":21021,"regions":[],"file_attributes":{}},"Video06_Frame_054.jpg20874":{"filename":"Video06_Frame_054.jpg","size":20874,"regions":[],"file_attributes":{}},"Video06_Frame_055.jpg21075":{"filename":"Video06_Frame_055.jpg","size":21075,"regions":[],"file_attributes":{}},"Video06_Frame_056.jpg20917":{"filename":"Video06_Frame_056.jpg","size":20917,"regions":[],"file_attributes":{}},"Video06_Frame_057.jpg20919":{"filename":"Video06_Frame_057.jpg","size":20919,"regions":[],"file_attributes":{}},"Video06_Frame_058.jpg20850":{"filename":"Video06_Frame_058.jpg","size":20850,"regions":[],"file_attributes":{}},"Video06_Frame_059.jpg21098":{"filename":"Video06_Frame_059.jpg","size":21098,"regions":[],"file_attributes":{}},"Video06_Frame_060.jpg20964":{"filename":"Video06_Frame_060.jpg","size":20964,"regions":[],"file_attributes":{}},"Video06_Frame_061.jpg20911":{"filename":"Video06_Frame_061.jpg","size":20911,"regions":[],"file_attributes":{}},"Video06_Frame_062.jpg20802":{"filename":"Video06_Frame_062.jpg","size":20802,"regions":[],"file_attributes":{}},"Video06_Frame_063.jpg20975":{"filename":"Video06_Frame_063.jpg","size":20975,"regions":[{"shape_attributes":{"name":"polygon","all_points_x":[0,7,11,16,18,19,17,11,4,0],"all_points_y":[198,197,198,200,205,211,214,216,217,219]},"region_attributes":{"Fire":"1"}}],"file_attributes":{}},"Video06_Frame_064.jpg20729":{"filename":"Video06_Frame_064.jpg","size":20729,"regions":[{"shape_attributes":{"name":"polygon","all_points_x":[0,7,11,16,18,19,17,11,4,0],"all_points_y":[198,197,198,200,205,211,214,216,217,219]},"region_attributes":{"Fire":"1"}}],"file_attributes":{}},"Video06_Frame_065.jpg20900":{"filename":"Video06_Frame_065.jpg","size":20900,"regions":[{"shape_attributes":{"name":"polygon","all_points_x":[0,8,10,16,17,27,39,47,57,65,66,60,47,32,27,19,12,9,4,1,0],"all_points_y":[159,164,172,174,178,179,177,172,165,165,171,176,184,193,194,194,189,190,193,197,198]},"region_attributes":{"Fire":"1"}}],"file_attributes":{}},"Video06_Frame_066.jpg20821":{"filename":"Video06_Frame_066.jpg","size":20821,"regions":[{"shape_attributes":{"name":"polygon","all_points_x":[0,8,10,16,17,27,39,47,57,65,66,60,47,32,27,19,12,9,4,1,0],"all_points_y":[159,164,172,174,178,179,177,172,165,165,171,176,184,193,194,194,189,190,193,197,198]},"region_attributes":{"Fire":"1"}}],"file_attributes":{}},"Video06_Frame_067.jpg21525":{"filename":"Video06_Frame_067.jpg","size":21525,"regions":[{"shape_attributes":{"name":"polygon","all_points_x":[0,11,25,42,50,57,69,76,83,82,62,48,40,30,28,21,11,4,0],"all_points_y":[117,122,124,124,131,138,137,140,159,166,160,155,154,163,170,174,180,184,185]},"region_attributes":{"Fire":"1"}}],"file_attributes":{}},"Video06_Frame_068.jpg21330":{"filename":"Video06_Frame_068.jpg","size":21330,"regions":[{"shape_attributes":{"name":"polygon","all_points_x":[0,11,25,42,50,57,69,76,83,82,62,48,40,30,28,21,11,4,0],"all_points_y":[117,122,124,124,131,138,137,140,159,166,160,155,154,163,170,174,180,184,185]},"region_attributes":{"Fire":"1"}}],"file_attributes":{}},"Video06_Frame_069.jpg21459":{"filename":"Video06_Frame_069.jpg","size":21459,"regions":[{"shape_attributes":{"name":"polygon","all_points_x":[0,8,16,18,24,31,39,43,49,66,80,87,88,86,74,62,49,32,24,20,15,15,21,21,26,26,33,35,35,17,6,0],"all_points_y":[54,55,64,73,78,76,76,85,92,94,90,94,106,110,110,110,112,122,134,151,154,162,170,178,192,203,208,219,233,245,252,251]},"region_attributes":{"Fire":"1"}}],"file_attributes":{}},"Video06_Frame_070.jpg21321":{"filename":"Video06_Frame_070.jpg","size":21321,"regions":[{"shape_attributes":{"name":"polygon","all_points_x":[0,8,16,18,24,31,39,43,49,66,80,87,88,86,74,62,49,32,24,20,15,15,21,21,26,26,33,35,35,17,6,0],"all_points_y":[54,55,64,73,78,76,76,85,92,94,90,94,106,110,110,110,112,122,134,151,154,162,170,178,192,203,208,219,233,245,252,251]},"region_attributes":{"Fire":"1"}}],"file_attributes":{}},"Video06_Frame_071.jpg21665":{"filename":"Video06_Frame_071.jpg","size":21665,"regions":[{"shape_attributes":{"name":"polygon","all_points_x":[0,19,26,35,41,39,45,48,50,56,67,70,62,49,46,46,52,58,62,65,63,54,53,54,57,52,54,53,66,68,72,73,62,49,38,30,28,19,10,5,0],"all_points_y":[26,25,30,28,36,48,49,61,67,68,70,76,79,87,97,106,112,110,112,117,126,133,144,153,163,174,180,189,191,197,202,210,219,218,215,213,206,204,203,201,195]},"region_attributes":{"Fire":"1"}}],"file_attributes":{}},"Video06_Frame_072.jpg21503":{"filename":"Video06_Frame_072.jpg","size":21503,"regions":[{"shape_attributes":{"name":"polygon","all_points_x":[0,19,26,35,41,39,45,48,50,56,67,70,62,49,46,46,52,58,62,65,63,54,53,54,57,52,54,53,66,68,72,73,62,49,38,30,28,19,10,5,0],"all_points_y":[26,25,30,28,36,48,49,61,67,68,70,76,79,87,97,106,112,110,112,117,126,133,144,153,163,174,180,189,191,197,202,210,219,218,215,213,206,204,203,201,195]},"region_attributes":{"Fire":"1"}}],"file_attributes":{}},"Video06_Frame_073.jpg21276":{"filename":"Video06_Frame_073.jpg","size":21276,"regions":[{"shape_attributes":{"name":"polygon","all_points_x":[0,13,21,27,38,44,46,50,51,51,61,66,68,69,86,79,66,60,68,79,76,67,60,54,40,39,41,42,35,28,20,12,6,0],"all_points_y":[25,21,18,20,21,25,33,39,40,62,63,72,80,91,92,97,103,109,114,126,135,135,130,130,138,149,157,170,176,182,179,177,176,172]},"region_attributes":{"Fire":"1"}}],"file_attributes":{}},"Video06_Frame_074.jpg21177":{"filename":"Video06_Frame_074.jpg","size":21177,"regions":[{"shape_attributes":{"name":"polygon","all_points_x":[0,13,21,27,38,44,46,50,51,51,61,66,68,69,86,79,66,60,68,79,76,67,60,54,40,39,41,42,35,28,20,12,6,0],"all_points_y":[25,21,18,20,21,25,33,39,40,62,63,72,80,91,92,97,103,109,114,126,135,135,130,130,138,149,157,170,176,182,179,177,176,172]},"region_attributes":{"Fire":"1"}}],"file_attributes":{}},"Video06_Frame_075.jpg21539":{"filename":"Video06_Frame_075.jpg","size":21539,"regions":[{"shape_attributes":{"name":"polygon","all_points_x":[0,5,12,18,28,30,32,38,42,47,52,52,52,67,70,77,80,73,66,64,59,56,54,46,45,55,56,48,39,29,26,17,15,12,8,4,0],"all_points_y":[35,34,40,45,45,44,41,35,35,36,38,41,62,63,67,72,84,103,110,119,133,141,146,149,155,158,162,168,171,169,168,171,167,162,161,159,158]},"region_attributes":{"Fire":"1"}}],"file_attributes":{}},"Video06_Frame_076.jpg21419":{"filename":"Video06_Frame_076.jpg","size":21419,"regions":[{"shape_attributes":{"name":"polygon","all_points_x":[0,5,12,18,28,30,32,38,42,47,52,52,52,67,70,77,80,73,66,64,59,56,54,46,45,55,56,48,39,29,26,17,15,12,8,4,0],"all_points_y":[35,34,40,45,45,44,41,35,35,36,38,41,62,63,67,72,84,103,110,119,133,141,146,149,155,158,162,168,171,169,168,171,167,162,161,159,158]},"region_attributes":{"Fire":"1"}}],"file_attributes":{}},"Video06_Frame_077.jpg21538":{"filename":"Video06_Frame_077.jpg","size":21538,"regions":[{"shape_attributes":{"name":"polygon","all_points_x":[0,12,22,33,46,52,55,53,57,56,46,40,39,39,44,49,47,31,25,23,43,49,53,49,38,27,17,9,0,0,6,0],"all_points_y":[88,81,78,72,67,74,80,85,93,101,114,125,135,148,155,158,164,189,205,217,223,224,233,239,240,234,236,245,252,178,165,161]},"region_attributes":{"Fire":"1"}}],"file_attributes":{}},"Video06_Frame_078.jpg21393":{"filename":"Video06_Frame_078.jpg","size":21393,"regions":[{"shape_attributes":{"name":"polygon","all_points_x":[0,12,22,33,46,52,55,53,57,56,46,40,39,39,44,49,47,31,25,23,43,49,53,49,38,27,17,9,0,0,6,0],"all_points_y":[88,81,78,72,67,74,80,85,93,101,114,125,135,148,155,158,164,189,205,217,223,224,233,239,240,234,236,245,252,178,165,161]},"region_attributes":{"Fire":"1"}}],"file_attributes":{}},"Video06_Frame_079.jpg21408":{"filename":"Video06_Frame_079.jpg","size":21408,"regions":[{"shape_attributes":{"name":"polygon","all_points_x":[0,21,35,40,44,44,52,61,72,81,81,78,66,66,72,76,77,68,68,55,50,43,27,17,11,6,1,1,9,16,15,16,13,6,2,0],"all_points_y":[93,80,75,74,80,87,98,106,113,117,128,131,137,142,143,152,158,170,180,185,195,205,210,208,200,193,193,171,168,166,158,150,144,140,136,132]},"region_attributes":{"Fire":"1"}}],"file_attributes":{}},"Video06_Frame_080.jpg21318":{"filename":"Video06_Frame_080.jpg","size":21318,"regions":[{"shape_attributes":{"name":"polygon","all_points_x":[0,21,35,40,44,44,52,61,72,81,81,78,66,66,72,76,77,68,68,55,50,43,27,17,11,6,1,1,9,16,15,16,13,6,2,0],"all_points_y":[93,80,75,74,80,87,98,106,113,117,128,131,137,142,143,152,158,170,180,185,195,205,210,208,200,193,193,171,168,166,158,150,144,140,136,132]},"region_attributes":{"Fire":"1"}}],"file_attributes":{}},"Video06_Frame_081.jpg21582":{"filename":"Video06_Frame_081.jpg","size":21582,"regions":[{"shape_attributes":{"name":"polygon","all_points_x":[0,6,15,21,28,31,30,36,43,51,58,61,63,62,69,74,75,86,88,98,104,104,97,97,99,104,108,109,110,107,98,92,90,90,84,81,78,67,59,56,48,47,39,35,33,32,31,23,18,17,11,8,10,27,30,26,22,19,14,6,0],"all_points_y":[71,72,65,63,65,71,80,88,89,84,79,77,79,85,84,89,111,120,123,126,131,140,147,150,157,162,167,173,188,195,203,205,195,190,185,183,175,177,173,169,167,161,160,154,145,136,133,132,130,125,124,117,108,102,96,89,83,84,89,93,92]},"region_attributes":{"Fire":"1"}},{"shape_attributes":{"name":"polygon","all_points_x":[0,6,12,16,17,10,1,0],"all_points_y":[182,180,181,186,196,200,202,202]},"region_attributes":{"Fire":"1"}}],"file_attributes":{}},"Video06_Frame_082.jpg21561":{"filename":"Video06_Frame_082.jpg","size":21561,"regions":[{"shape_attributes":{"name":"polygon","all_points_x":[0,6,15,21,28,31,30,36,43,51,58,61,63,62,69,74,75,86,88,98,104,104,97,97,99,104,108,109,110,107,98,92,90,90,84,81,78,67,59,56,48,47,39,35,33,32,31,23,18,17,11,8,10,27,30,26,22,19,14,6,0],"all_points_y":[71,72,65,63,65,71,80,88,89,84,79,77,79,85,84,89,111,120,123,126,131,140,147,150,157,162,167,173,188,195,203,205,195,190,185,183,175,177,173,169,167,161,160,154,145,136,133,132,130,125,124,117,108,102,96,89,83,84,89,93,92]},"region_attributes":{"Fire":"1"}},{"shape_attributes":{"name":"polygon","all_points_x":[0,6,12,16,17,10,1,0],"all_points_y":[182,180,181,186,196,200,202,202]},"region_attributes":{"Fire":"1"}}],"file_attributes":{}},"Video06_Frame_083.jpg21148":{"filename":"Video06_Frame_083.jpg","size":21148,"regions":[{"shape_attributes":{"name":"polygon","all_points_x":[28,34,43,50,54,60,64,70,75,79,78,91,96,104,111,118,122,121,119,120,119,121,126,131,136,119,126,131,136,127,115,97,82,70,65,62,54,44,51,57,58,52,42,36,37],"all_points_y":[99,90,83,81,79,77,78,78,78,85,90,86,88,91,95,104,110,117,125,128,135,141,147,148,159,160,172,182,191,192,187,176,178,169,171,161,154,140,130,126,120,115,114,114,105]},"region_attributes":{"Fire":"1"}}],"file_attributes":{}},"Video06_Frame_084.jpg20992":{"filename":"Video06_Frame_084.jpg","size":20992,"regions":[{"shape_attributes":{"name":"polygon","all_points_x":[28,34,43,50,54,60,64,70,75,79,78,91,96,104,111,118,122,121,119,120,119,121,126,131,136,119,126,131,136,127,115,97,82,70,65,62,54,44,51,57,58,52,42,36,37],"all_points_y":[99,90,83,81,79,77,78,78,78,85,90,86,88,91,95,104,110,117,125,128,135,141,147,148,159,160,172,182,191,192,187,176,178,169,171,161,154,140,130,126,120,115,114,114,105]},"region_attributes":{"Fire":"1"}}],"file_attributes":{}},"Video06_Frame_085.jpg19522":{"filename":"Video06_Frame_085.jpg","size":19522,"regions":[{"shape_attributes":{"name":"polygon","all_points_x":[70,78,88,96,103,111,118,125,131,134,133,134,138,135,128,121,118,109,102,82,76,72],"all_points_y":[120,118,121,118,108,104,107,116,119,126,130,144,158,163,159,152,150,149,151,146,142,134]},"region_attributes":{"Fire":"1"}}],"file_attributes":{}},"Video06_Frame_086.jpg19505":{"filename":"Video06_Frame_086.jpg","size":19505,"regions":[{"shape_attributes":{"name":"polygon","all_points_x":[70,78,88,96,103,111,118,125,131,134,133,134,138,135,128,121,118,109,102,82,76,72],"all_points_y":[120,118,121,118,108,104,107,116,119,126,130,144,158,163,159,152,150,149,151,146,142,134]},"region_attributes":{"Fire":"1"}}],"file_attributes":{}},"Video06_Frame_087.jpg19847":{"filename":"Video06_Frame_087.jpg","size":19847,"regions":[{"shape_attributes":{"name":"polygon","all_points_x":[1,7,16,26,31,32,43,58,65,77,80,82,85,83,93,94,88,80,78,76,73,67,65,62,58,36,24,17,12,4,2,1],"all_points_y":[73,73,75,73,73,81,88,95,92,92,95,102,104,112,116,120,126,131,128,127,120,114,113,105,104,96,96,97,90,89,91,90]},"region_attributes":{"Fire":"1"}}],"file_attributes":{}},"Video06_Frame_088.jpg19663":{"filename":"Video06_Frame_088.jpg","size":19663,"regions":[{"shape_attributes":{"name":"polygon","all_points_x":[1,7,16,26,31,32,43,58,65,77,80,82,85,83,93,94,88,80,78,76,73,67,65,62,58,36,24,17,12,4,2,1],"all_points_y":[73,73,75,73,73,81,88,95,92,92,95,102,104,112,116,120,126,131,128,127,120,114,113,105,104,96,96,97,90,89,91,90]},"region_attributes":{"Fire":"1"}}],"file_attributes":{}},"Video06_Frame_089.jpg19507":{"filename":"Video06_Frame_089.jpg","size":19507,"regions":[],"file_attributes":{}},"Video06_Frame_090.jpg19396":{"filename":"Video06_Frame_090.jpg","size":19396,"regions":[],"file_attributes":{}},"Video06_Frame_091.jpg17558":{"filename":"Video06_Frame_091.jpg","size":17558,"regions":[],"file_attributes":{}},"Video06_Frame_092.jpg17483":{"filename":"Video06_Frame_092.jpg","size":17483,"regions":[],"file_attributes":{}},"Video06_Frame_093.jpg17926":{"filename":"Video06_Frame_093.jpg","size":17926,"regions":[],"file_attributes":{}},"Video06_Frame_094.jpg17954":{"filename":"Video06_Frame_094.jpg","size":17954,"regions":[],"file_attributes":{}},"Video06_Frame_095.jpg18735":{"filename":"Video06_Frame_095.jpg","size":18735,"regions":[{"shape_attributes":{"name":"polygon","all_points_x":[0,4,7,18,27,32,31,27,20,15,8,4,0],"all_points_y":[63,64,67,69,68,71,75,78,78,79,81,84,81]},"region_attributes":{"Fire":"1"}}],"file_attributes":{}},"Video06_Frame_096.jpg18709":{"filename":"Video06_Frame_096.jpg","size":18709,"regions":[{"shape_attributes":{"name":"polygon","all_points_x":[0,4,7,18,27,32,31,27,20,15,8,4,0],"all_points_y":[63,64,67,69,68,71,75,78,78,79,81,84,81]},"region_attributes":{"Fire":"1"}}],"file_attributes":{}},"Video06_Frame_097.jpg20678":{"filename":"Video06_Frame_097.jpg","size":20678,"regions":[{"shape_attributes":{"name":"polygon","all_points_x":[0,8,14,15,19,27,32,37,45,46,44,40,37,35,29,20,13,8,4,1,0],"all_points_y":[26,30,33,39,46,49,51,52,48,48,52,59,63,69,71,72,67,68,70,68,60]},"region_attributes":{"Fire":"1"}},{"shape_attributes":{"name":"polygon","all_points_x":[1,7,19,28,33,38,30,20,9,3,0],"all_points_y":[218,215,216,220,228,240,245,246,241,238,236]},"region_attributes":{"Fire":"1"}}],"file_attributes":{}},"Video06_Frame_098.jpg20626":{"filename":"Video06_Frame_098.jpg","size":20626,"regions":[{"shape_attributes":{"name":"polygon","all_points_x":[0,8,14,15,19,27,32,37,45,46,44,40,37,35,29,20,13,8,4,1,0],"all_points_y":[26,30,33,39,46,49,51,52,48,48,52,59,63,69,71,72,67,68,70,68,60]},"region_attributes":{"Fire":"1"}},{"shape_attributes":{"name":"polygon","all_points_x":[1,7,19,28,33,38,30,20,9,3,0],"all_points_y":[218,215,216,220,228,240,245,246,241,238,236]},"region_attributes":{"Fire":"1"}}],"file_attributes":{}},"Video06_Frame_099.jpg21230":{"filename":"Video06_Frame_099.jpg","size":21230,"regions":[{"shape_attributes":{"name":"polygon","all_points_x":[74,68,71,74,77,80,89,98,104,100,93,84,84,83,81],"all_points_y":[159,161,170,177,188,195,201,205,206,195,188,185,181,171,165]},"region_attributes":{"Fire":"1"}}],"file_attributes":{}},"Video06_Frame_100.jpg21134":{"filename":"Video06_Frame_100.jpg","size":21134,"regions":[{"shape_attributes":{"name":"polygon","all_points_x":[74,68,71,74,77,80,89,98,104,100,93,84,84,83,81],"all_points_y":[159,161,170,177,188,195,201,205,206,195,188,185,181,171,165]},"region_attributes":{"Fire":"1"}}],"file_attributes":{}},"Video06_Frame_101.jpg21994":{"filename":"Video06_Frame_101.jpg","size":21994,"regions":[{"shape_attributes":{"name":"polygon","all_points_x":[125,118,98,80,69,67,60,55,61,69,77,81,84,90,92,94,97,104,112,117,117,121,116,109,107,110,116,124,126],"all_points_y":[135,135,137,144,152,157,164,172,176,174,176,181,182,181,182,184,185,192,195,187,172,165,162,161,155,150,148,145,138]},"region_attributes":{"Fire":"1"}}],"file_attributes":{}},"Video06_Frame_102.jpg21906":{"filename":"Video06_Frame_102.jpg","size":21906,"regions":[{"shape_attributes":{"name":"polygon","all_points_x":[125,118,98,80,69,67,60,55,61,69,77,81,84,90,92,94,97,104,112,117,117,121,116,109,107,110,116,124,126],"all_points_y":[135,135,137,144,152,157,164,172,176,174,176,181,182,181,182,184,185,192,195,187,172,165,162,161,155,150,148,145,138]},"region_attributes":{"Fire":"1"}}],"file_attributes":{}},"Video06_Frame_103.jpg24210":{"filename":"Video06_Frame_103.jpg","size":24210,"regions":[{"shape_attributes":{"name":"polygon","all_points_x":[0,7,11,20,26,31,33,37,37,0],"all_points_y":[200,203,212,219,224,235,245,253,256,256]},"region_attributes":{"Fire":"1"}},{"shape_attributes":{"name":"polygon","all_points_x":[74,88,102,112,134,134,122,113,105,114,125,138,141,149,157,162,172,180,185,187,183,185,181,173,166,157,150,146,139,133,114,105,106,102,91,85,82,79,75,72],"all_points_y":[178,180,180,185,198,187,180,174,162,149,147,144,142,144,143,158,167,171,165,159,147,135,131,122,116,112,115,124,125,126,131,136,143,149,149,151,159,163,168,172]},"region_attributes":{"Fire":"1"}}],"file_attributes":{}},"Video06_Frame_104.jpg24122":{"filename":"Video06_Frame_104.jpg","size":24122,"regions":[{"shape_attributes":{"name":"polygon","all_points_x":[74,88,102,112,134,134,122,113,105,114,125,138,141,149,157,162,172,180,185,187,183,185,181,173,166,157,150,146,139,133,114,105,106,102,91,85,82,79,75,72],"all_points_y":[178,180,180,185,198,187,180,174,162,149,147,144,142,144,143,158,167,171,165,159,147,135,131,122,116,112,115,124,125,126,131,136,143,149,149,151,159,163,168,172]},"region_attributes":{"Fire":"1"}},{"shape_attributes":{"name":"polygon","all_points_x":[0,7,11,20,26,31,33,37,38,0],"all_points_y":[200,203,212,219,224,235,245,253,256,256]},"region_attributes":{"Fire":"1"}}],"file_attributes":{}},"Video06_Frame_105.jpg21770":{"filename":"Video06_Frame_105.jpg","size":21770,"regions":[{"shape_attributes":{"name":"polygon","all_points_x":[101,120,131,136,136,152,166,176,180,192,199,194,180,169,159,157,159,152,136,131,130,126,115,106,99,102,106,106,103],"all_points_y":[138,135,134,124,116,107,106,103,94,107,119,127,125,112,116,122,136,144,153,157,176,180,180,176,164,160,157,152,149]},"region_attributes":{"Fire":"1"}},{"shape_attributes":{"name":"polygon","all_points_x":[6,18,28,22,16,14,28,46,53,56,55,0,0],"all_points_y":[173,178,191,197,210,219,226,230,232,248,255,255,177]},"region_attributes":{"Fire":"1"}}],"file_attributes":{}},"Video06_Frame_106.jpg21258":{"filename":"Video06_Frame_106.jpg","size":21258,"regions":[{"shape_attributes":{"name":"polygon","all_points_x":[101,120,131,136,136,152,166,176,180,192,199,194,180,169,159,157,159,152,136,131,130,126,115,106,99,102,106,106,103],"all_points_y":[138,135,134,124,116,107,106,103,94,107,119,127,125,112,116,122,136,144,153,157,176,180,180,176,164,160,157,152,149]},"region_attributes":{"Fire":"1"}},{"shape_attributes":{"name":"polygon","all_points_x":[6,18,28,22,16,14,28,46,53,56,55,0,0],"all_points_y":[173,178,191,197,210,219,226,230,232,248,255,255,177]},"region_attributes":{"Fire":"1"}}],"file_attributes":{}},"Video06_Frame_107.jpg21470":{"filename":"Video06_Frame_107.jpg","size":21470,"regions":[{"shape_attributes":{"name":"polygon","all_points_x":[18,27,46,59,57,74,90,90,113,128,144,152,153,140,133,129,132,136,147,156,169,176,180,176,174,177,176,167,162,158,154,143,127,113,90,72,71,81,93,84,61,50,36,32,45,55,63,64,56,38,32,22,16,13],"all_points_y":[136,137,147,141,125,136,134,145,158,154,148,142,134,124,123,124,117,115,120,118,122,127,138,144,148,152,157,158,159,171,180,186,181,176,181,181,200,221,234,251,253,240,220,212,207,204,197,185,180,183,182,169,154,144]},"region_attributes":{"Fire":"1"}}],"file_attributes":{}},"Video06_Frame_108.jpg21400":{"filename":"Video06_Frame_108.jpg","size":21400,"regions":[{"shape_attributes":{"name":"polygon","all_points_x":[18,27,46,59,57,74,90,90,113,128,144,152,153,140,133,129,132,136,147,156,169,176,180,176,174,177,176,167,162,158,154,143,127,113,90,72,71,81,93,84,61,50,36,32,45,55,63,64,56,38,32,22,16,13],"all_points_y":[136,137,147,141,125,136,134,145,158,154,148,142,134,124,123,124,117,115,120,118,122,127,138,144,148,152,157,158,159,171,180,186,181,176,181,181,200,221,234,251,253,240,220,212,207,204,197,185,180,183,182,169,154,144]},"region_attributes":{"Fire":"1"}}],"file_attributes":{}},"Video06_Frame_109.jpg21475":{"filename":"Video06_Frame_109.jpg","size":21475,"regions":[{"shape_attributes":{"name":"polygon","all_points_x":[30,41,55,65,84,97,104,111,113,120,130,138,141,145,151,149,153,157,160,158,153,140,127,119,116,120,128,134,139,131,116,110,109,98,92,86,74,72,65,55,52,52,43,40,33,36,31,24],"all_points_y":[127,134,136,134,126,122,130,138,145,147,142,134,134,138,145,152,160,169,173,175,176,171,167,166,168,182,186,183,190,196,193,188,174,167,156,152,152,158,160,156,160,169,172,167,159,149,140,135]},"region_attributes":{"Fire":"1"}}],"file_attributes":{}},"Video06_Frame_110.jpg21365":{"filename":"Video06_Frame_110.jpg","size":21365,"regions":[{"shape_attributes":{"name":"polygon","all_points_x":[30,41,55,65,84,97,104,111,113,120,130,138,141,145,151,149,153,157,160,158,153,140,127,119,116,120,128,134,139,131,116,110,109,98,92,86,74,72,65,55,52,52,43,40,33,36,31,24],"all_points_y":[127,134,136,134,126,122,130,138,145,147,142,134,134,138,145,152,160,169,173,175,176,171,167,166,168,182,186,183,190,196,193,188,174,167,156,152,152,158,160,156,160,169,172,167,159,149,140,135]},"region_attributes":{"Fire":"1"}}],"file_attributes":{}},"Video06_Frame_111.jpg21454":{"filename":"Video06_Frame_111.jpg","size":21454,"regions":[{"shape_attributes":{"name":"polygon","all_points_x":[135,146,153,155,163,172,179,182,183,185,186,176,162,152,144,139,138,141,144,157,157,143,130,126,125,120,110,106,108,115,122,128,134,131],"all_points_y":[130,131,134,139,139,138,137,145,153,160,165,168,169,164,160,162,170,181,190,192,200,198,197,192,183,172,168,164,149,145,150,149,144,136]},"region_attributes":{"Fire":"1"}}],"file_attributes":{}},"Video06_Frame_112.jpg21392":{"filename":"Video06_Frame_112.jpg","size":21392,"regions":[{"shape_attributes":{"name":"polygon","all_points_x":[135,146,153,155,163,172,179,182,183,185,186,176,162,152,144,139,138,141,144,157,157,143,130,126,125,120,110,106,108,115,122,128,134,131],"all_points_y":[130,131,134,139,139,138,137,145,153,160,165,168,169,164,160,162,170,181,190,192,200,198,197,192,183,172,168,164,149,145,150,149,144,136]},"region_attributes":{"Fire":"1"}}],"file_attributes":{}},"Video06_Frame_113.jpg21156":{"filename":"Video06_Frame_113.jpg","size":21156,"regions":[{"shape_attributes":{"name":"polygon","all_points_x":[141,148,154,165,175,185,184,176,170,166,161,161,155,139,133,130,130,132],"all_points_y":[139,146,148,151,154,154,159,165,160,161,164,172,171,171,169,161,149,140]},"region_attributes":{"Fire":"1"}}],"file_attributes":{}},"Video06_Frame_114.jpg21125":{"filename":"Video06_Frame_114.jpg","size":21125,"regions":[{"shape_attributes":{"name":"polygon","all_points_x":[141,148,154,165,175,185,184,176,170,166,161,161,155,139,133,130,130,132],"all_points_y":[139,146,148,151,154,154,159,165,160,161,164,172,171,171,169,161,149,140]},"region_attributes":{"Fire":"1"}}],"file_attributes":{}},"Video06_Frame_115.jpg21115":{"filename":"Video06_Frame_115.jpg","size":21115,"regions":[],"file_attributes":{}},"Video06_Frame_116.jpg20948":{"filename":"Video06_Frame_116.jpg","size":20948,"regions":[],"file_attributes":{}},"Video06_Frame_117.jpg20040":{"filename":"Video06_Frame_117.jpg","size":20040,"regions":[],"file_attributes":{}},"Video06_Frame_118.jpg19987":{"filename":"Video06_Frame_118.jpg","size":19987,"regions":[],"file_attributes":{}},"Video06_Frame_119.jpg20291":{"filename":"Video06_Frame_119.jpg","size":20291,"regions":[],"file_attributes":{}},"Video06_Frame_120.jpg20285":{"filename":"Video06_Frame_120.jpg","size":20285,"regions":[],"file_attributes":{}},"Video06_Frame_121.jpg21019":{"filename":"Video06_Frame_121.jpg","size":21019,"regions":[{"shape_attributes":{"name":"polygon","all_points_x":[21,30,38,45,49,50,49,43,40,33,22,16,10,12],"all_points_y":[226,220,220,223,230,240,245,249,254,255,254,246,240,232]},"region_attributes":{"Fire":"1"}}],"file_attributes":{}},"Video06_Frame_122.jpg20983":{"filename":"Video06_Frame_122.jpg","size":20983,"regions":[{"shape_attributes":{"name":"polygon","all_points_x":[21,30,38,45,49,50,49,43,40,33,22,16,10,12],"all_points_y":[226,220,220,223,230,240,245,249,254,255,254,246,240,232]},"region_attributes":{"Fire":"1"}}],"file_attributes":{}},"Video06_Frame_123.jpg21802":{"filename":"Video06_Frame_123.jpg","size":21802,"regions":[],"file_attributes":{}},"Video06_Frame_124.jpg21661":{"filename":"Video06_Frame_124.jpg","size":21661,"regions":[],"file_attributes":{}},"Video06_Frame_125.jpg22288":{"filename":"Video06_Frame_125.jpg","size":22288,"regions":[{"shape_attributes":{"name":"polygon","all_points_x":[0,10,19,22,30,38,42,44,50,56,62,65,64,61,56,43,31,23,12,0],"all_points_y":[242,244,244,245,235,233,235,241,241,238,236,239,247,252,254,254,255,255,256,256]},"region_attributes":{"Fire":"1"}}],"file_attributes":{}},"Video06_Frame_126.jpg22243":{"filename":"Video06_Frame_126.jpg","size":22243,"regions":[{"shape_attributes":{"name":"polygon","all_points_x":[0,10,19,22,30,38,42,44,50,56,62,65,64,61,56,43,31,23,12,0],"all_points_y":[242,244,244,245,235,233,235,241,241,238,236,239,247,252,254,254,255,255,256,256]},"region_attributes":{"Fire":"1"}}],"file_attributes":{}},"Video06_Frame_127.jpg23176":{"filename":"Video06_Frame_127.jpg","size":23176,"regions":[{"shape_attributes":{"name":"polygon","all_points_x":[0,13,21,23,20,13,7,3,2,2,15,23,32,34,37,49,57,63,67,58,55,53,51,0],"all_points_y":[170,170,170,174,181,184,187,191,196,202,201,195,194,197,205,204,208,217,228,239,247,252,256,256]},"region_attributes":{"Fire":"1"}}],"file_attributes":{}},"Video06_Frame_128.jpg23078":{"filename":"Video06_Frame_128.jpg","size":23078,"regions":[{"shape_attributes":{"name":"polygon","all_points_x":[0,13,21,23,20,13,7,3,2,2,15,23,32,34,37,49,57,63,67,58,55,53,51,0],"all_points_y":[171,170,170,174,181,184,187,191,196,202,201,195,194,197,205,204,208,217,228,239,247,252,256,256]},"region_attributes":{"Fire":"1"}}],"file_attributes":{}},"Video06_Frame_129.jpg23652":{"filename":"Video06_Frame_129.jpg","size":23652,"regions":[{"shape_attributes":{"name":"polygon","all_points_x":[0,8,17,21,24,24,19,19,31,36,41,49,56,63,65,71,77,81,83,86,91,94,96,12,6,0],"all_points_y":[155,155,158,162,166,172,177,181,183,181,183,186,192,199,205,214,218,227,235,241,245,250,256,256,251,236]},"region_attributes":{"Fire":"1"}}],"file_attributes":{}},"Video06_Frame_130.jpg23563":{"filename":"Video06_Frame_130.jpg","size":23563,"regions":[{"shape_attributes":{"name":"polygon","all_points_x":[0,8,17,21,24,24,19,19,31,36,41,49,56,63,65,71,77,81,83,86,91,94,96,16,6,0],"all_points_y":[156,155,158,162,166,172,177,181,183,181,183,186,192,199,205,214,218,227,235,241,245,250,256,256,251,240]},"region_attributes":{"Fire":"1"}}],"file_attributes":{}},"Video06_Frame_131.jpg23970":{"filename":"Video06_Frame_131.jpg","size":23970,"regions":[{"shape_attributes":{"name":"polygon","all_points_x":[21,28,37,40,43,56,63,63,64,67,73,79,84,81,75,64,56,39,29,24,21,18],"all_points_y":[221,220,224,230,237,240,238,233,227,222,219,221,226,232,246,248,246,240,240,237,233,225]},"region_attributes":{"Fire":"1"}},{"shape_attributes":{"name":"polygon","all_points_x":[85,93,110,116,118,118,112,108,100,94,88,84],"all_points_y":[192,192,192,193,198,203,207,208,207,205,201,197]},"region_attributes":{"Fire":"1"}}],"file_attributes":{}},"Video06_Frame_132.jpg23859":{"filename":"Video06_Frame_132.jpg","size":23859,"regions":[{"shape_attributes":{"name":"polygon","all_points_x":[21,28,37,40,43,56,63,63,64,67,73,79,84,81,75,64,56,39,29,24,21,18],"all_points_y":[221,220,224,230,237,240,238,233,227,222,219,221,226,232,246,248,246,240,240,237,233,225]},"region_attributes":{"Fire":"1"}},{"shape_attributes":{"name":"polygon","all_points_x":[85,93,110,116,118,118,112,108,100,94,88,84],"all_points_y":[192,192,192,193,198,203,207,208,207,205,201,197]},"region_attributes":{"Fire":"1"}}],"file_attributes":{}},"Video06_Frame_133.jpg23775":{"filename":"Video06_Frame_133.jpg","size":23775,"regions":[],"file_attributes":{}},"Video06_Frame_134.jpg23683":{"filename":"Video06_Frame_134.jpg","size":23683,"regions":[],"file_attributes":{}},"Video06_Frame_135.jpg24271":{"filename":"Video06_Frame_135.jpg","size":24271,"regions":[{"shape_attributes":{"name":"polygon","all_points_x":[193,219,226,234,236,237,238,237,236,232,225,223,224,224,224,221,215,206,198,194,191],"all_points_y":[63,62,64,64,67,72,79,87,99,103,104,98,88,78,74,69,66,68,69,69,66]},"region_attributes":{"Fire":"1"}},{"shape_attributes":{"name":"polygon","all_points_x":[0,4,8,12,15,19,21,24,0],"all_points_y":[238,237,238,241,243,246,251,256,256]},"region_attributes":{"Fire":"1"}}],"file_attributes":{}},"Video06_Frame_136.jpg24195":{"filename":"Video06_Frame_136.jpg","size":24195,"regions":[{"shape_attributes":{"name":"polygon","all_points_x":[193,219,226,234,236,237,238,237,236,232,225,223,224,224,224,221,215,206,198,194,191],"all_points_y":[63,62,64,64,67,72,79,87,99,103,104,98,88,78,74,69,66,68,69,69,66]},"region_attributes":{"Fire":"1"}},{"shape_attributes":{"name":"polygon","all_points_x":[0,4,8,12,15,19,23,24,0],"all_points_y":[238,237,238,241,243,246,252,256,256]},"region_attributes":{"Fire":"1"}}],"file_attributes":{}},"Video06_Frame_137.jpg24730":{"filename":"Video06_Frame_137.jpg","size":24730,"regions":[],"file_attributes":{}},"Video06_Frame_138.jpg24669":{"filename":"Video06_Frame_138.jpg","size":24669,"regions":[],"file_attributes":{}},"Video06_Frame_139.jpg24406":{"filename":"Video06_Frame_139.jpg","size":24406,"regions":[{"shape_attributes":{"name":"polygon","all_points_x":[0,4,8,11,14,18,19,15,11,8,4,0],"all_points_y":[210,210,211,214,216,219,225,226,226,228,230,231]},"region_attributes":{"Fire":"1"}}],"file_attributes":{}},"Video06_Frame_140.jpg24343":{"filename":"Video06_Frame_140.jpg","size":24343,"regions":[{"shape_attributes":{"name":"polygon","all_points_x":[0,4,8,11,14,18,19,15,11,8,4,0],"all_points_y":[209,210,211,214,216,219,225,226,226,228,230,231]},"region_attributes":{"Fire":"1"}}],"file_attributes":{}},"Video06_Frame_141.jpg25040":{"filename":"Video06_Frame_141.jpg","size":25040,"regions":[{"shape_attributes":{"name":"polygon","all_points_x":[0,4,5,9,11,13,16,20,26,29,34,39,41,43,51,55,57,50,48,42,39,34,29,26,23,19,16,13,6,4,2,0],"all_points_y":[184,187,190,191,193,196,199,201,203,206,208,208,212,216,218,219,226,227,230,229,224,222,221,223,224,227,229,230,231,225,222,220]},"region_attributes":{"Fire":"1"}}],"file_attributes":{}},"Video06_Frame_142.jpg25016":{"filename":"Video06_Frame_142.jpg","size":25016,"regions":[{"shape_attributes":{"name":"polygon","all_points_x":[0,4,5,9,11,13,16,20,26,29,34,39,41,43,51,55,57,50,48,42,39,34,29,26,23,19,16,13,6,4,2,0],"all_points_y":[184,187,190,191,193,196,199,201,203,206,208,208,212,216,218,219,226,227,230,229,224,222,221,223,224,227,229,230,231,225,222,220]},"region_attributes":{"Fire":"1"}}],"file_attributes":{}},"Video06_Frame_143.jpg25277":{"filename":"Video06_Frame_143.jpg","size":25277,"regions":[{"shape_attributes":{"name":"polygon","all_points_x":[5,8,11,13,16,18,19,21,25,28,31,32,38,41,44,47,50,54,57,62,64,61,53,49,46,44,41,36,28,22,17,13,9,6,3,2,0,0,4],"all_points_y":[177,175,174,174,175,177,179,181,183,184,186,191,193,195,196,197,198,198,201,202,206,210,208,209,212,215,216,216,215,213,209,208,205,203,200,194,192,183,181]},"region_attributes":{"Fire":"1"}}],"file_attributes":{}},"Video06_Frame_144.jpg25138":{"filename":"Video06_Frame_144.jpg","size":25138,"regions":[{"shape_attributes":{"name":"polygon","all_points_x":[5,8,11,13,16,18,19,21,25,28,31,32,38,41,44,47,50,54,57,62,64,61,53,49,46,44,41,36,28,22,17,13,9,6,3,2,0,0,4],"all_points_y":[177,175,174,174,175,177,179,181,183,184,186,191,193,195,196,197,198,198,201,202,206,210,208,209,212,215,216,216,215,213,209,208,205,203,200,194,192,183,181]},"region_attributes":{"Fire":"1"}}],"file_attributes":{}},"Video06_Frame_145.jpg24911":{"filename":"Video06_Frame_145.jpg","size":24911,"regions":[{"shape_attributes":{"name":"polygon","all_points_x":[2,4,11,19,26,36,41,45,47,47],"all_points_y":[255,246,239,233,230,232,238,242,251,255]},"region_attributes":{"Fire":"1"}},{"shape_attributes":{"name":"polygon","all_points_x":[0,3,8,10,9,13,22,29,38,40,41,48,63,70,73,67,52,44,34,28,17,0,0],"all_points_y":[151,152,155,160,163,164,166,168,175,185,192,191,192,193,198,204,203,205,204,216,224,224,196]},"region_attributes":{"Fire":"1"}}],"file_attributes":{}},"Video06_Frame_146.jpg24845":{"filename":"Video06_Frame_146.jpg","size":24845,"regions":[{"shape_attributes":{"name":"polygon","all_points_x":[2,4,11,19,26,36,41,45,47,47],"all_points_y":[255,246,239,233,230,232,238,242,251,255]},"region_attributes":{"Fire":"1"}},{"shape_attributes":{"name":"polygon","all_points_x":[0,3,8,10,9,13,22,29,38,40,41,48,63,70,73,67,52,44,34,28,17,0,0],"all_points_y":[151,152,155,160,163,164,166,168,175,185,192,191,192,193,198,204,203,205,204,216,224,224,196]},"region_attributes":{"Fire":"1"}}],"file_attributes":{}},"Video06_Frame_147.jpg25022":{"filename":"Video06_Frame_147.jpg","size":25022,"regions":[{"shape_attributes":{"name":"polygon","all_points_x":[0,6,12,17,21,24,25,30,30,31,35,38,44,48,53,55,58,64,69,75,76,90,72,64,61,61,67,76,80,80,74,70,66,58,54,44,34,29,26,25,31,35,35,27,20,13,6,1,0],"all_points_y":[139,138,139,143,146,150,154,156,159,163,169,172,173,172,170,174,179,180,180,186,191,193,203,207,214,221,226,227,231,236,242,249,253,255,255,255,255,255,252,246,242,238,232,231,232,234,235,235,234]},"region_attributes":{"Fire":"1"}}],"file_attributes":{}},"Video06_Frame_148.jpg24993":{"filename":"Video06_Frame_148.jpg","size":24993,"regions":[{"shape_attributes":{"name":"polygon","all_points_x":[0,6,12,17,21,24,25,30,30,31,35,38,44,48,53,55,58,64,69,75,76,90,72,64,61,61,67,76,80,80,74,70,66,58,54,44,34,29,26,25,31,35,35,27,20,13,6,1,0],"all_points_y":[139,138,139,143,146,150,154,156,159,163,169,172,173,172,170,174,179,180,180,186,191,193,203,207,214,221,226,227,231,236,242,249,253,255,255,255,255,255,252,246,242,238,232,231,232,234,235,235,234]},"region_attributes":{"Fire":"1"}}],"file_attributes":{}},"Video06_Frame_149.jpg25257":{"filename":"Video06_Frame_149.jpg","size":25257,"regions":[{"shape_attributes":{"name":"polygon","all_points_x":[0,4,7,8,19,26,30,39,45,51,55,45,39,39,44,50,57,59,60,59,61,63,68,74,75,76,80,87,93,93,94,97,101,106,96,90,86,80,48,42,36,31,26,17,5,0],"all_points_y":[113,113,121,126,126,129,133,142,147,148,152,155,159,165,170,173,172,169,164,158,155,154,159,166,173,183,185,183,186,197,211,222,231,244,249,250,253,255,255,247,234,220,218,224,224,221]},"region_attributes":{"Fire":"1"}}],"file_attributes":{}},"Video06_Frame_150.jpg25195":{"filename":"Video06_Frame_150.jpg","size":25195,"regions":[{"shape_attributes":{"name":"polygon","all_points_x":[0,4,7,8,19,26,30,39,45,51,55,45,39,39,44,50,57,59,60,59,61,63,68,74,75,76,80,87,93,93,94,97,101,106,96,90,86,80,48,42,36,31,26,17,5,0],"all_points_y":[113,113,121,126,126,129,133,142,147,148,152,155,159,165,170,173,172,169,164,158,155,154,159,166,173,183,185,183,186,197,211,222,231,244,249,250,253,255,255,247,234,220,218,224,224,221]},"region_attributes":{"Fire":"1"}}],"file_attributes":{}},"Video06_Frame_151.jpg24548":{"filename":"Video06_Frame_151.jpg","size":24548,"regions":[{"shape_attributes":{"name":"polygon","all_points_x":[1,9,15,20,24,22,19,25,37,46,55,65,68,86,91,94,90,96,95,89,82,85,93,99,100,99,100,98,76,69,65,61,35,23,12,0,0],"all_points_y":[98,100,104,104,106,111,113,117,120,127,134,137,139,152,158,172,180,193,205,211,214,221,225,228,232,244,251,255,255,254,243,235,242,242,247,247,179]},"region_attributes":{"Fire":"1"}}],"file_attributes":{}},"Video06_Frame_152.jpg24472":{"filename":"Video06_Frame_152.jpg","size":24472,"regions":[{"shape_attributes":{"name":"polygon","all_points_x":[1,9,15,20,24,22,19,25,37,46,55,65,68,86,91,94,90,96,95,89,82,85,93,99,100,99,100,98,76,69,65,61,35,23,12,0,0],"all_points_y":[98,100,104,104,106,111,113,117,120,127,134,137,139,152,158,172,180,193,205,211,214,221,225,228,232,244,251,255,255,254,243,235,242,242,247,247,179]},"region_attributes":{"Fire":"1"}}],"file_attributes":{}},"Video06_Frame_153.jpg24307":{"filename":"Video06_Frame_153.jpg","size":24307,"regions":[{"shape_attributes":{"name":"polygon","all_points_x":[0,6,9,16,24,26,35,35,37,40,49,53,55,63,71,76,79,86,92,99,108,113,115,125,129,127,119,112,102,97,96,103,108,106,114,120,120,107,101,93,90,89,85,87,90,96,98,100,96,90,80,75,63,58,53,42,37,28,23,30,29,20,25,15,6,1,0],"all_points_y":[76,82,88,88,91,96,98,103,106,112,113,114,118,120,122,124,128,130,138,143,153,159,173,174,183,189,198,206,212,214,220,226,229,236,246,249,255,255,250,246,237,228,221,208,202,198,196,191,184,180,166,155,154,153,158,158,159,159,169,181,195,218,230,245,250,248,248]},"region_attributes":{"Fire":"1"}}],"file_attributes":{}},"Video06_Frame_154.jpg24256":{"filename":"Video06_Frame_154.jpg","size":24256,"regions":[{"shape_attributes":{"name":"polygon","all_points_x":[0,6,9,16,24,26,35,35,37,40,49,53,55,63,71,76,79,86,92,99,108,113,115,125,129,127,119,112,102,97,96,103,108,106,114,120,120,107,101,93,90,89,85,87,90,96,98,100,96,90,80,75,63,58,53,42,37,28,23,30,29,20,25,15,6,1,0],"all_points_y":[76,82,88,88,91,96,98,103,106,112,113,114,118,120,122,124,128,130,138,143,153,159,173,174,183,189,198,206,212,214,220,226,229,236,246,249,255,255,250,246,237,228,221,208,202,198,196,191,184,180,166,155,154,153,158,158,159,159,169,181,195,218,230,245,250,248,248]},"region_attributes":{"Fire":"1"}}],"file_attributes":{}},"Video06_Frame_155.jpg24563":{"filename":"Video06_Frame_155.jpg","size":24563,"regions":[{"shape_attributes":{"name":"polygon","all_points_x":[0,6,7,6,13,19,19,22,29,37,41,46,52,61,67,70,79,83,90,94,101,104,112,121,124,129,130,129,132,137,143,152,156,153,143,138,129,122,105,104,98,93,86,80,76,70,66,62,59,53,44,36,33,30,35,28,32,34,26,18,18,31,30,25,19,0],"all_points_y":[47,49,56,63,65,67,71,76,81,82,87,94,103,108,107,110,109,112,112,118,120,120,129,141,146,153,161,168,174,175,175,181,189,192,193,201,201,190,172,162,153,150,148,149,146,147,150,155,148,140,133,129,137,141,147,163,176,186,196,207,212,230,242,248,255,255]},"region_attributes":{"Fire":"1"}}],"file_attributes":{}},"Video06_Frame_156.jpg24466":{"filename":"Video06_Frame_156.jpg","size":24466,"regions":[{"shape_attributes":{"name":"polygon","all_points_x":[0,6,7,6,13,19,19,22,29,37,41,46,52,61,67,70,79,83,90,94,101,104,112,121,124,129,130,129,132,137,143,152,156,153,143,138,129,122,105,104,98,93,86,80,76,70,66,62,59,53,44,36,33,30,35,28,32,34,26,18,18,31,30,25,19,0],"all_points_y":[47,49,56,63,65,67,71,76,81,82,87,94,103,108,107,110,109,112,112,118,120,120,129,141,146,153,161,168,174,175,175,181,189,192,193,201,201,190,172,162,153,150,148,149,146,147,150,155,148,140,133,129,137,141,147,163,176,186,196,207,212,230,242,248,255,255]},"region_attributes":{"Fire":"1"}}],"file_attributes":{}},"Video06_Frame_157.jpg24449":{"filename":"Video06_Frame_157.jpg","size":24449,"regions":[{"shape_attributes":{"name":"polygon","all_points_x":[0,2,8,14,16,10,7,9,15,25,33,39,41,52,62,63,65,69,72,77,82,97,110,119,125,126,131,145,150,149,145,133,125,125,137,133,123,113,111,108,102,94,88,85,77,63,52,46,42,40,30,23,16,11,17,13,18,15,8,0],"all_points_y":[27,27,29,35,42,46,48,54,60,63,65,69,72,77,86,93,94,92,96,98,96,101,108,109,109,118,123,136,160,162,164,165,168,174,178,188,188,181,168,160,153,148,147,138,140,144,146,149,155,164,166,166,174,169,160,151,143,134,119,113]},"region_attributes":{"Fire":"1"}},{"shape_attributes":{"name":"polygon","all_points_x":[0,9,22,27,0,0],"all_points_y":[220,224,244,256,256,247]},"region_attributes":{"Fire":"1"}}],"file_attributes":{}},"Video06_Frame_158.jpg24383":{"filename":"Video06_Frame_158.jpg","size":24383,"regions":[{"shape_attributes":{"name":"polygon","all_points_x":[0,2,8,14,16,10,7,9,15,25,33,39,41,52,62,63,65,69,72,77,82,97,110,119,125,126,131,145,150,149,145,133,125,125,137,133,123,113,111,108,102,94,88,85,77,63,52,46,42,40,30,23,16,11,17,13,18,15,8,0],"all_points_y":[27,27,29,35,42,46,48,54,60,63,65,69,72,77,86,93,94,92,96,98,96,101,108,109,109,118,123,136,160,162,164,165,168,174,178,188,188,181,168,160,153,148,147,138,140,144,146,149,155,164,166,166,174,169,160,151,143,134,119,113]},"region_attributes":{"Fire":"1"}},{"shape_attributes":{"name":"polygon","all_points_x":[0,9,22,27,0,0],"all_points_y":[220,224,244,256,256,247]},"region_attributes":{"Fire":"1"}}],"file_attributes":{}},"Video06_Frame_159.jpg23552":{"filename":"Video06_Frame_159.jpg","size":23552,"regions":[{"shape_attributes":{"name":"polygon","all_points_x":[0,10,16,26,24,24,27,37,45,48,54,62,69,73,82,85,95,106,113,120,123,131,139,146,152,157,160,165,169,170,171,166,158,150,142,128,127,121,113,102,96,89,82,80,79,79,75,71,64,62,50,42,37,41,48,48,47,35,31,20,21,26,33,37,37,33,0],"all_points_y":[10,12,13,24,31,40,48,55,54,59,66,71,78,81,82,86,88,90,91,96,103,104,108,112,117,121,129,131,138,149,158,164,168,171,168,167,158,149,143,147,151,159,161,159,148,140,128,125,126,126,128,131,136,145,161,174,199,207,212,220,226,231,239,245,252,256,256]},"region_attributes":{"Fire":"1"}}],"file_attributes":{}},"Video06_Frame_160.jpg23505":{"filename":"Video06_Frame_160.jpg","size":23505,"regions":[{"shape_attributes":{"name":"polygon","all_points_x":[0,10,16,26,24,24,27,37,45,48,54,62,69,73,82,85,95,106,113,120,123,131,139,146,152,157,160,165,169,170,171,166,158,150,142,128,127,121,113,102,96,89,82,80,79,79,75,71,64,62,50,42,37,41,48,48,47,35,31,20,21,26,33,37,37,32,0],"all_points_y":[10,12,13,24,31,40,48,55,54,59,66,71,78,81,82,86,88,90,91,96,103,104,108,112,117,121,129,131,138,149,158,164,168,171,168,167,158,149,143,147,151,159,161,159,148,140,128,125,126,126,128,131,136,145,161,174,199,207,212,220,226,231,239,245,252,256,256]},"region_attributes":{"Fire":"1"}}],"file_attributes":{}},"Video06_Frame_161.jpg24382":{"filename":"Video06_Frame_161.jpg","size":24382,"regions":[{"shape_attributes":{"name":"polygon","all_points_x":[0,21,32,36,36,29,26,31,41,54,60,59,52,51,65,76,81,88,93,97,103,113,120,131,136,138,151,158,159,167,177,183,191,191,185,175,166,161,152,142,133,123,108,96,90,84,71,56,60,72,70,65,55,0,0,21,31,33,43,75,80,78,78,71,61,42,28,16,11,11,6,0],"all_points_y":[0,0,4,13,23,25,29,36,40,34,36,38,38,62,63,64,69,69,71,74,78,80,80,83,88,94,94,95,103,109,115,125,140,155,164,171,170,157,149,151,153,147,147,149,157,174,176,189,196,211,223,252,256,256,184,166,136,126,117,113,104,87,76,71,69,64,63,61,55,44,42,40]},"region_attributes":{"Fire":"1"}}],"file_attributes":{}},"Video06_Frame_162.jpg24343":{"filename":"Video06_Frame_162.jpg","size":24343,"regions":[{"shape_attributes":{"name":"polygon","all_points_x":[0,21,32,36,36,29,26,31,41,54,60,59,52,51,65,76,81,88,93,97,103,113,120,131,136,138,151,158,159,167,177,183,191,191,185,175,166,161,152,142,133,123,108,96,90,84,71,56,60,72,70,65,54,0,0,21,31,33,43,75,80,78,78,71,61,42,28,16,11,11,6,0],"all_points_y":[0,0,4,13,23,25,29,36,40,34,36,38,38,62,63,64,69,69,71,74,78,80,80,83,88,94,94,95,103,109,115,125,140,155,164,171,170,157,149,151,153,147,147,149,157,174,176,189,196,211,223,252,256,256,184,166,136,126,117,113,104,87,76,71,69,64,63,61,55,44,42,40]},"region_attributes":{"Fire":"1"}}],"file_attributes":{}},"Video06_Frame_163.jpg22899":{"filename":"Video06_Frame_163.jpg","size":22899,"regions":[{"shape_attributes":{"name":"polygon","all_points_x":[0,10,16,22,25,25,0],"all_points_y":[223,223,228,234,246,256,256]},"region_attributes":{"Fire":"1"}},{"shape_attributes":{"name":"polygon","all_points_x":[23,22,29,39,55,64,68,71,74,52,52,112,125,138,149,152,161,168,181,186,202,212,201,208,206,197,191,174,161,158,148,135,122,108,98,91,85,91,105,103,85,71,64,71,82,80,73,75,75,71,77,88,87,81,78,49,45,36,30,18,15,17,16,6,0,0],"all_points_y":[0,10,21,26,28,26,24,29,38,39,62,62,69,74,75,82,96,104,105,107,124,155,164,192,200,199,184,167,162,151,143,139,139,134,135,141,153,161,160,166,177,178,173,167,168,158,151,140,129,117,103,95,86,69,65,63,59,58,56,56,50,43,38,34,28,0]},"region_attributes":{"Fire":"1"}}],"file_attributes":{}},"Video06_Frame_164.jpg22849":{"filename":"Video06_Frame_164.jpg","size":22849,"regions":[{"shape_attributes":{"name":"polygon","all_points_x":[0,10,16,22,25,25,0],"all_points_y":[223,223,228,234,246,256,256]},"region_attributes":{"Fire":"1"}},{"shape_attributes":{"name":"polygon","all_points_x":[23,22,29,39,55,64,68,71,74,52,52,112,125,138,149,152,161,168,181,186,202,212,201,208,206,197,189,175,165,161,158,148,135,122,108,98,91,85,91,105,103,85,71,64,71,82,80,73,75,75,71,77,88,87,81,78,49,45,36,30,18,15,17,16,6,0,0],"all_points_y":[0,10,21,26,28,26,24,29,38,39,62,62,69,74,75,82,96,104,105,107,124,154,164,192,200,199,183,167,163,162,151,143,139,139,134,135,141,153,161,160,166,177,178,173,167,168,158,151,140,129,117,103,95,86,69,65,63,59,58,56,56,50,43,38,34,28,0]},"region_attributes":{"Fire":"1"}}],"file_attributes":{}},"Video06_Frame_165.jpg22129":{"filename":"Video06_Frame_165.jpg","size":22129,"regions":[{"shape_attributes":{"name":"polygon","all_points_x":[0,4,6,11,13,16,20,19,16,10,3,0],"all_points_y":[204,205,207,210,216,218,223,228,230,233,236,236]},"region_attributes":{"Fire":"1"}},{"shape_attributes":{"name":"polygon","all_points_x":[0,17,17,16,29,41,47,53,62,75,80,82,84,87,96,52,52,144,148,157,164,168,176,187,194,207,218,223,219,218,215,212,207,204,199,202,197,192,181,172,167,158,147,134,129,124,112,102,96,86,83,74,73,78,84,87,89,86,87,91,93,91,87,82,82,79,74,72,68,61,52,45,35,28,32,32,29,24,16,14,14,16,14,10,4,3,3,8,7],"all_points_y":[0,0,10,20,22,20,20,18,18,20,24,28,34,37,38,39,62,62,64,65,77,91,99,104,101,116,122,161,169,188,198,201,192,189,179,172,166,156,152,148,148,152,152,152,155,148,146,151,154,154,151,151,147,145,139,138,127,120,116,114,109,101,91,88,80,74,71,66,65,64,64,65,76,78,66,57,54,53,55,52,45,39,35,34,31,24,20,16,12]},"region_attributes":{"Fire":"1"}}],"file_attributes":{}},"Video06_Frame_166.jpg22093":{"filename":"Video06_Frame_166.jpg","size":22093,"regions":[{"shape_attributes":{"name":"polygon","all_points_x":[0,17,17,16,29,41,47,53,62,75,80,82,84,87,96,52,52,144,148,157,164,168,176,187,194,207,218,223,219,218,215,212,207,204,199,202,197,192,181,172,167,158,147,134,129,124,112,102,96,86,83,74,73,78,84,87,89,86,87,91,93,91,87,82,82,79,74,72,68,61,52,45,35,28,32,32,29,24,16,14,14,16,14,10,4,3,3,8,7],"all_points_y":[0,0,10,20,22,20,20,18,18,20,24,28,34,37,38,39,62,62,64,65,77,91,99,104,101,116,122,161,169,188,198,201,192,189,179,172,166,156,152,148,148,152,152,152,155,148,146,151,154,154,151,151,147,145,139,138,127,120,116,114,109,101,91,88,80,74,71,66,65,64,64,65,76,78,66,57,54,53,55,52,45,39,35,34,31,24,20,16,12]},"region_attributes":{"Fire":"1"}},{"shape_attributes":{"name":"polygon","all_points_x":[0,4,6,11,13,16,20,19,16,10,3,0],"all_points_y":[204,205,207,210,216,218,223,228,230,233,236,236]},"region_attributes":{"Fire":"1"}}],"file_attributes":{}},"Video06_Frame_167.jpg21429":{"filename":"Video06_Frame_167.jpg","size":21429,"regions":[{"shape_attributes":{"name":"polygon","all_points_x":[61,71,72,72,77,79,82,88,91,93,95,100,103,105,107,110,113,117,122,127,131,133,135,138,141,145,52,52,176,177,178,181,184,185,190,184,179,177,178,182,184,184,178,173,165,158,144,136,136,143,150,152,152,158,159,155,146,137,125,109,101,99,90,85,75,70,62,59,50,47,45,40,38,33,30,35,37,34,33,33,39,44,51,55,55,55,50,49,55,58,61],"all_points_y":[0,0,2,8,9,12,15,17,18,21,22,21,22,24,26,26,24,24,24,26,29,31,32,32,35,38,39,62,62,65,69,72,79,84,99,119,122,124,128,129,134,143,147,155,160,168,172,165,156,154,150,145,141,133,126,122,121,121,119,117,118,116,96,86,78,72,65,63,63,50,43,43,49,50,43,39,33,32,28,23,25,30,30,29,25,21,19,15,13,10,6]},"region_attributes":{"Fire":"1"}},{"shape_attributes":{"name":"polygon","all_points_x":[202,210,222,224,224,224,223,226,232,231,224,217,222,225,221,212,208,208,211,208,203,200,201,202,201,199,200,201],"all_points_y":[132,130,130,131,136,144,149,157,160,167,175,177,189,201,208,214,213,200,189,185,181,174,168,159,152,148,144,139]},"region_attributes":{"Fire":"1"}}],"file_attributes":{}},"Video06_Frame_168.jpg21424":{"filename":"Video06_Frame_168.jpg","size":21424,"regions":[{"shape_attributes":{"name":"polygon","all_points_x":[61,71,72,72,77,79,82,88,91,93,95,100,103,105,107,110,113,117,122,127,131,133,135,138,141,145,52,52,176,177,178,181,184,185,190,184,179,177,178,182,184,184,178,173,165,158,144,136,136,143,150,152,152,158,159,155,146,137,125,109,101,99,90,85,75,70,62,59,50,47,45,40,38,33,30,35,37,34,33,33,39,44,51,55,55,55,50,49,55,58,61],"all_points_y":[0,0,2,8,9,12,15,17,18,21,22,21,22,24,26,26,24,24,24,26,29,31,32,32,35,38,39,62,62,65,69,72,79,84,99,119,122,124,128,129,134,143,147,155,160,168,172,165,156,154,150,145,141,133,126,122,121,121,119,117,118,116,96,86,78,72,65,63,63,50,43,43,49,50,43,39,33,32,28,23,25,30,30,29,25,21,19,15,13,10,6]},"region_attributes":{"Fire":"1"}},{"shape_attributes":{"name":"polygon","all_points_x":[202,210,222,224,224,224,223,226,232,231,224,217,222,225,221,212,208,208,211,208,203,200,201,202,201,199,200,201],"all_points_y":[132,130,130,131,136,144,149,157,160,167,175,177,189,201,208,214,213,200,189,185,181,174,168,159,152,148,144,139]},"region_attributes":{"Fire":"1"}}],"file_attributes":{}},"Video06_Frame_169.jpg22137":{"filename":"Video06_Frame_169.jpg","size":22137,"regions":[{"shape_attributes":{"name":"polygon","all_points_x":[87,95,99,112,120,125,134,142,148,154,163,168,89,90,84,78,72,72,76,81,85],"all_points_y":[7,7,9,10,16,14,15,18,22,26,33,39,38,27,24,24,20,13,11,12,13]},"region_attributes":{"Fire":"1"}},{"shape_attributes":{"name":"polygon","all_points_x":[79,177,192,198,208,206,192,181,178,176,175,166,156,151,142,132,126,118,108,101,91,86,81,76,70,70,77],"all_points_y":[62,62,68,74,85,92,99,104,106,112,119,123,122,112,104,98,100,108,116,119,116,110,98,92,74,70,69]},"region_attributes":{"Fire":"1"}}],"file_attributes":{}},"Video06_Frame_170.jpg22121":{"filename":"Video06_Frame_170.jpg","size":22121,"regions":[{"shape_attributes":{"name":"polygon","all_points_x":[87,95,99,112,120,125,134,142,148,154,163,168,89,90,84,78,72,72,76,81,85],"all_points_y":[7,7,9,10,16,14,15,18,22,26,33,39,38,27,24,24,20,13,11,12,13]},"region_attributes":{"Fire":"1"}},{"shape_attributes":{"name":"polygon","all_points_x":[79,177,192,198,208,206,192,181,178,176,175,166,156,151,142,132,126,118,108,101,91,86,81,76,70,70,77],"all_points_y":[62,62,68,74,85,92,99,104,106,112,119,123,122,112,104,98,100,108,116,119,116,110,98,92,74,70,69]},"region_attributes":{"Fire":"1"}}],"file_attributes":{}},"Video06_Frame_171.jpg21523":{"filename":"Video06_Frame_171.jpg","size":21523,"regions":[{"shape_attributes":{"name":"polygon","all_points_x":[0,7,13,16,17,10,2,0],"all_points_y":[157,157,163,173,182,189,191,190]},"region_attributes":{"Fire":"1"}},{"shape_attributes":{"name":"polygon","all_points_x":[81,79,70,66,66,70,72,81,84,91,86,83,87,95,105,109,112,113,123,130,132,132,128,117,116,114,112],"all_points_y":[62,68,72,75,82,86,98,100,100,108,113,121,127,128,133,132,128,119,113,110,106,96,81,78,70,64,62]},"region_attributes":{"Fire":"1"}},{"shape_attributes":{"name":"polygon","all_points_x":[123,131,137,143,153,156,162,162,171,180,185,138,133,122,121,120,120],"all_points_y":[5,4,7,8,9,13,18,24,25,29,38,38,37,29,22,15,11]},"region_attributes":{"Fire":"1"}}],"file_attributes":{}},"Video06_Frame_172.jpg21458":{"filename":"Video06_Frame_172.jpg","size":21458,"regions":[{"shape_attributes":{"name":"polygon","all_points_x":[0,7,13,16,17,10,2,0],"all_points_y":[157,157,163,173,182,189,191,190]},"region_attributes":{"Fire":"1"}},{"shape_attributes":{"name":"polygon","all_points_x":[81,79,70,66,66,70,72,81,84,91,86,83,87,95,105,109,112,113,123,130,132,132,128,117,116,114,112],"all_points_y":[62,68,72,75,82,86,98,100,100,108,113,121,127,128,133,132,128,119,113,110,106,96,81,78,70,64,62]},"region_attributes":{"Fire":"1"}},{"shape_attributes":{"name":"polygon","all_points_x":[123,131,137,143,153,156,162,162,171,180,185,138,133,122,121,120,120],"all_points_y":[5,4,7,8,9,13,18,24,25,29,38,38,37,29,22,15,11]},"region_attributes":{"Fire":"1"}}],"file_attributes":{}},"Video06_Frame_173.jpg21525":{"filename":"Video06_Frame_173.jpg","size":21525,"regions":[{"shape_attributes":{"name":"polygon","all_points_x":[0,13,25,31,33,31,20,15,12,6,0],"all_points_y":[145,146,153,162,174,181,183,180,176,176,175]},"region_attributes":{"Fire":"1"}}],"file_attributes":{}},"Video06_Frame_174.jpg21506":{"filename":"Video06_Frame_174.jpg","size":21506,"regions":[{"shape_attributes":{"name":"polygon","all_points_x":[0,13,25,31,33,31,20,15,12,6,0],"all_points_y":[145,146,153,162,174,181,183,180,176,176,175]},"region_attributes":{"Fire":"1"}}],"file_attributes":{}},"Video06_Frame_175.jpg21244":{"filename":"Video06_Frame_175.jpg","size":21244,"regions":[{"shape_attributes":{"name":"polygon","all_points_x":[0,6,11,16,22,28,32,36,39,39,34,25,20,14,5,0],"all_points_y":[132,132,134,137,141,144,149,155,159,163,165,162,161,160,159,159]},"region_attributes":{"Fire":"1"}}],"file_attributes":{}},"Video06_Frame_176.jpg21119":{"filename":"Video06_Frame_176.jpg","size":21119,"regions":[{"shape_attributes":{"name":"polygon","all_points_x":[0,6,11,16,22,28,32,36,39,39,34,25,20,14,5,0],"all_points_y":[132,132,134,137,141,144,149,155,159,163,165,162,161,160,159,159]},"region_attributes":{"Fire":"1"}}],"file_attributes":{}},"Video06_Frame_177.jpg20561":{"filename":"Video06_Frame_177.jpg","size":20561,"regions":[],"file_attributes":{}},"Video06_Frame_178.jpg20535":{"filename":"Video06_Frame_178.jpg","size":20535,"regions":[],"file_attributes":{}},"Video06_Frame_179.jpg22122":{"filename":"Video06_Frame_179.jpg","size":22122,"regions":[],"file_attributes":{}},"Video06_Frame_180.jpg22092":{"filename":"Video06_Frame_180.jpg","size":22092,"regions":[],"file_attributes":{}},"Video06_Frame_181.jpg22308":{"filename":"Video06_Frame_181.jpg","size":22308,"regions":[],"file_attributes":{}},"Video06_Frame_182.jpg22275":{"filename":"Video06_Frame_182.jpg","size":22275,"regions":[],"file_attributes":{}},"Video06_Frame_183.jpg23491":{"filename":"Video06_Frame_183.jpg","size":23491,"regions":[],"file_attributes":{}},"Video06_Frame_184.jpg23375":{"filename":"Video06_Frame_184.jpg","size":23375,"regions":[],"file_attributes":{}},"Video06_Frame_185.jpg23577":{"filename":"Video06_Frame_185.jpg","size":23577,"regions":[{"shape_attributes":{"name":"polygon","all_points_x":[9,20,28,29,36,46,47,28,22,17,9],"all_points_y":[216,213,215,221,224,225,232,241,239,231,225]},"region_attributes":{"Fire":"1"}},{"shape_attributes":{"name":"polygon","all_points_x":[102,111,114,126,137,145,153,157,159,107,106,102,101,95,97,97],"all_points_y":[203,204,211,214,220,232,240,244,256,256,242,240,227,223,212,207]},"region_attributes":{"Fire":"1"}}],"file_attributes":{}},"Video06_Frame_186.jpg23484":{"filename":"Video06_Frame_186.jpg","size":23484,"regions":[{"shape_attributes":{"name":"polygon","all_points_x":[102,111,114,126,137,145,153,157,159,107,106,102,101,95,97,97],"all_points_y":[203,204,211,214,220,232,240,244,256,256,242,240,227,223,212,207]},"region_attributes":{"Fire":"1"}},{"shape_attributes":{"name":"polygon","all_points_x":[9,20,28,29,36,46,47,28,22,17,9],"all_points_y":[216,213,215,221,224,225,232,241,239,231,225]},"region_attributes":{"Fire":"1"}}],"file_attributes":{}},"Video06_Frame_187.jpg23642":{"filename":"Video06_Frame_187.jpg","size":23642,"regions":[{"shape_attributes":{"name":"polygon","all_points_x":[24,44,55,57,67,72,67,64,72,76,73,65,61,53,48,41,37,28,22,17,22],"all_points_y":[190,184,187,192,195,202,209,211,220,227,233,234,230,227,228,231,225,219,215,209,201]},"region_attributes":{"Fire":"1"}},{"shape_attributes":{"name":"polygon","all_points_x":[150,154,157,157,161,165,171,175,175,166,159,156,147,144,148,145,147],"all_points_y":[198,196,201,207,209,215,216,219,224,225,225,235,237,229,216,208,203]},"region_attributes":{"Fire":"1"}}],"file_attributes":{}},"Video06_Frame_188.jpg23589":{"filename":"Video06_Frame_188.jpg","size":23589,"regions":[{"shape_attributes":{"name":"polygon","all_points_x":[24,44,55,57,67,72,67,64,72,76,73,65,61,53,48,41,37,28,22,17,22],"all_points_y":[190,184,187,192,195,202,209,211,220,227,233,234,230,227,228,231,225,219,215,209,201]},"region_attributes":{"Fire":"1"}},{"shape_attributes":{"name":"polygon","all_points_x":[150,154,157,157,161,165,171,175,175,166,159,156,147,144,148,145,147],"all_points_y":[198,196,201,207,209,215,216,219,224,225,225,235,237,229,216,208,203]},"region_attributes":{"Fire":"1"}}],"file_attributes":{}},"Video06_Frame_189.jpg24135":{"filename":"Video06_Frame_189.jpg","size":24135,"regions":[{"shape_attributes":{"name":"polygon","all_points_x":[43,61,70,80,83,88,94,91,67,62,57,61,68,78,81,0,0,14,24,41,52,54,42,31],"all_points_y":[191,192,188,192,200,201,214,217,216,222,230,239,247,249,256,256,224,224,234,237,226,213,202,196]},"region_attributes":{"Fire":"1"}}],"file_attributes":{}},"Video06_Frame_190.jpg24074":{"filename":"Video06_Frame_190.jpg","size":24074,"regions":[{"shape_attributes":{"name":"polygon","all_points_x":[43,61,70,80,83,88,94,91,67,62,57,61,68,78,82,0,0,14,24,41,52,54,42,31],"all_points_y":[191,192,188,192,200,201,214,217,216,222,230,239,247,249,256,256,224,224,234,237,226,213,202,196]},"region_attributes":{"Fire":"1"}}],"file_attributes":{}},"Video06_Frame_191.jpg24803":{"filename":"Video06_Frame_191.jpg","size":24803,"regions":[{"shape_attributes":{"name":"polygon","all_points_x":[121,126,140,143,141,137,129,122],"all_points_y":[147,146,149,154,160,161,156,151]},"region_attributes":{"Fire":"1"}},{"shape_attributes":{"name":"polygon","all_points_x":[0,5,17,26,38,45,43,52,58,63,66,74,80,90,100,109,119,125,129,130,0],"all_points_y":[217,216,223,224,223,220,213,208,209,214,220,225,232,244,249,248,249,247,250,256,256]},"region_attributes":{"Fire":"1"}}],"file_attributes":{}},"Video06_Frame_192.jpg24722":{"filename":"Video06_Frame_192.jpg","size":24722,"regions":[{"shape_attributes":{"name":"polygon","all_points_x":[0,5,17,26,38,45,43,52,58,63,66,74,80,90,100,109,119,125,129,129,0],"all_points_y":[217,216,223,224,223,220,213,208,209,214,220,225,232,244,249,248,249,247,250,256,256]},"region_attributes":{"Fire":"1"}},{"shape_attributes":{"name":"polygon","all_points_x":[121,126,140,143,141,137,129,122],"all_points_y":[147,146,149,154,160,161,156,151]},"region_attributes":{"Fire":"1"}}],"file_attributes":{}},"Video06_Frame_193.jpg25322":{"filename":"Video06_Frame_193.jpg","size":25322,"regions":[{"shape_attributes":{"name":"polygon","all_points_x":[133,130,130,133,137,142,148,154,156,156,156,160,163,164,161,158,144],"all_points_y":[147,142,137,138,141,142,137,137,140,145,149,154,157,161,163,163,156]},"region_attributes":{"Fire":"1"}},{"shape_attributes":{"name":"polygon","all_points_x":[95,103,107,110,113,120,122,115,115,118,122,130,134,139,142,143,141,0,0,8,18,31,45,53,56,49,47,49,76,88,94],"all_points_y":[208,210,214,219,223,224,229,231,236,240,245,247,245,243,247,253,256,256,225,218,221,228,234,230,217,208,200,195,205,218,219]},"region_attributes":{"Fire":"1"}}],"file_attributes":{}},"Video06_Frame_194.jpg25269":{"filename":"Video06_Frame_194.jpg","size":25269,"regions":[{"shape_attributes":{"name":"polygon","all_points_x":[133,130,130,133,137,142,148,154,156,156,156,160,163,164,161,158,144],"all_points_y":[147,142,137,138,141,142,137,137,140,145,149,154,157,161,163,163,156]},"region_attributes":{"Fire":"1"}},{"shape_attributes":{"name":"polygon","all_points_x":[95,103,107,110,113,120,122,115,115,118,122,130,134,139,142,143,142,0,0,8,18,31,45,53,56,49,47,49,76,88,94],"all_points_y":[208,210,214,219,223,224,229,231,236,240,245,247,245,243,247,253,256,256,225,218,221,228,234,230,217,208,200,195,205,218,219]},"region_attributes":{"Fire":"1"}}],"file_attributes":{}},"Video06_Frame_195.jpg24323":{"filename":"Video06_Frame_195.jpg","size":24323,"regions":[{"shape_attributes":{"name":"polygon","all_points_x":[0,14,40,47,57,64,65,67,78,90,100,120,124,129,136,139,144,154,161,166,165,162,0],"all_points_y":[204,200,224,233,236,230,217,202,199,202,214,213,222,229,231,238,244,246,246,249,253,256,256]},"region_attributes":{"Fire":"1"}}],"file_attributes":{}},"Video06_Frame_196.jpg24240":{"filename":"Video06_Frame_196.jpg","size":24240,"regions":[{"shape_attributes":{"name":"polygon","all_points_x":[0,14,40,47,57,64,65,67,78,90,100,120,124,129,136,139,144,154,161,166,165,161,0],"all_points_y":[204,200,224,233,236,230,217,202,199,202,214,213,222,229,231,238,244,246,246,249,253,256,256]},"region_attributes":{"Fire":"1"}}],"file_attributes":{}},"Video06_Frame_197.jpg24983":{"filename":"Video06_Frame_197.jpg","size":24983,"regions":[{"shape_attributes":{"name":"polygon","all_points_x":[0,9,16,25,39,65,88,94,107,111,112,109,0],"all_points_y":[172,172,178,188,191,191,199,206,210,216,242,256,256]},"region_attributes":{"Fire":"1"}}],"file_attributes":{}},"Video06_Frame_198.jpg24903":{"filename":"Video06_Frame_198.jpg","size":24903,"regions":[{"shape_attributes":{"name":"polygon","all_points_x":[0,9,16,25,39,65,88,94,107,111,112,108,0],"all_points_y":[172,172,178,188,191,191,199,206,210,216,242,256,256]},"region_attributes":{"Fire":"1"}}],"file_attributes":{}},"Video06_Frame_199.jpg24740":{"filename":"Video06_Frame_199.jpg","size":24740,"regions":[{"shape_attributes":{"name":"polygon","all_points_x":[0,16,30,69,88,101,109,124,119,89,52,40,33,0],"all_points_y":[213,209,212,205,194,200,213,223,234,240,246,252,256,256]},"region_attributes":{"Fire":"1"}}],"file_attributes":{}},"Video06_Frame_200.jpg24618":{"filename":"Video06_Frame_200.jpg","size":24618,"regions":[{"shape_attributes":{"name":"polygon","all_points_x":[0,16,30,69,88,101,109,124,119,89,52,40,34,0],"all_points_y":[213,209,212,205,194,200,213,223,234,240,246,252,256,256]},"region_attributes":{"Fire":"1"}}],"file_attributes":{}},"Video06_Frame_201.jpg24300":{"filename":"Video06_Frame_201.jpg","size":24300,"regions":[{"shape_attributes":{"name":"polygon","all_points_x":[0,10,24,33,45,56,60,58,57,57,64,65,64,63,0],"all_points_y":[207,206,206,210,203,200,205,217,224,235,240,248,254,256,256]},"region_attributes":{"Fire":"1"}}],"file_attributes":{}},"Video06_Frame_202.jpg24254":{"filename":"Video06_Frame_202.jpg","size":24254,"regions":[{"shape_attributes":{"name":"polygon","all_points_x":[0,10,24,33,45,56,60,58,57,57,64,65,64,63,0],"all_points_y":[207,206,206,210,203,200,205,217,224,235,240,248,254,256,256]},"region_attributes":{"Fire":"1"}}],"file_attributes":{}},"Video06_Frame_203.jpg24858":{"filename":"Video06_Frame_203.jpg","size":24858,"regions":[{"shape_attributes":{"name":"polygon","all_points_x":[0,7,15,26,34,45,55,55,68,94,110,117,122,0],"all_points_y":[188,184,189,199,211,208,212,226,230,234,240,247,256,256]},"region_attributes":{"Fire":"1"}}],"file_attributes":{}},"Video06_Frame_204.jpg24742":{"filename":"Video06_Frame_204.jpg","size":24742,"regions":[{"shape_attributes":{"name":"polygon","all_points_x":[0,7,15,26,34,45,55,55,68,94,110,117,120,0],"all_points_y":[188,184,189,199,211,208,212,226,230,234,240,247,256,256]},"region_attributes":{"Fire":"1"}}],"file_attributes":{}},"Video06_Frame_205.jpg24177":{"filename":"Video06_Frame_205.jpg","size":24177,"regions":[],"file_attributes":{}},"Video06_Frame_206.jpg24140":{"filename":"Video06_Frame_206.jpg","size":24140,"regions":[],"file_attributes":{}},"Video06_Frame_207.jpg24489":{"filename":"Video06_Frame_207.jpg","size":24489,"regions":[],"file_attributes":{}},"Video06_Frame_208.jpg24342":{"filename":"Video06_Frame_208.jpg","size":24342,"regions":[],"file_attributes":{}},"Video06_Frame_209.jpg24161":{"filename":"Video06_Frame_209.jpg","size":24161,"regions":[{"shape_attributes":{"name":"polygon","all_points_x":[50,39,33,20,23,27,38,49,52,76,79,80,75,66,62,58,56],"all_points_y":[16,16,25,34,45,49,46,41,39,38,38,30,26,26,25,21,17]},"region_attributes":{"Fire":"1"}}],"file_attributes":{}},"Video06_Frame_210.jpg24073":{"filename":"Video06_Frame_210.jpg","size":24073,"regions":[{"shape_attributes":{"name":"polygon","all_points_x":[50,39,33,20,23,27,38,49,52,76,79,80,75,66,62,58,56],"all_points_y":[16,16,25,34,45,49,46,41,39,38,38,30,26,26,25,21,17]},"region_attributes":{"Fire":"1"}}],"file_attributes":{}},"Video06_Frame_211.jpg23194":{"filename":"Video06_Frame_211.jpg","size":23194,"regions":[],"file_attributes":{}},"Video06_Frame_212.jpg23021":{"filename":"Video06_Frame_212.jpg","size":23021,"regions":[],"file_attributes":{}},"Video06_Frame_213.jpg23622":{"filename":"Video06_Frame_213.jpg","size":23622,"regions":[],"file_attributes":{}},"Video06_Frame_214.jpg23508":{"filename":"Video06_Frame_214.jpg","size":23508,"regions":[],"file_attributes":{}},"Video06_Frame_215.jpg23749":{"filename":"Video06_Frame_215.jpg","size":23749,"regions":[],"file_attributes":{}},"Video06_Frame_216.jpg23593":{"filename":"Video06_Frame_216.jpg","size":23593,"regions":[],"file_attributes":{}},"Video06_Frame_217.jpg23458":{"filename":"Video06_Frame_217.jpg","size":23458,"regions":[{"shape_attributes":{"name":"polygon","all_points_x":[0,9,15,16,19,27,32,33,31,18,17,17,0],"all_points_y":[211,209,212,222,228,231,235,245,248,249,250,256,256]},"region_attributes":{"Fire":"1"}}],"file_attributes":{}},"Video06_Frame_218.jpg23360":{"filename":"Video06_Frame_218.jpg","size":23360,"regions":[{"shape_attributes":{"name":"polygon","all_points_x":[0,9,15,16,19,27,32,33,31,18,17,16,0],"all_points_y":[211,209,212,222,228,231,235,245,248,249,250,256,256]},"region_attributes":{"Fire":"1"}}],"file_attributes":{}},"Video06_Frame_219.jpg23315":{"filename":"Video06_Frame_219.jpg","size":23315,"regions":[{"shape_attributes":{"name":"polygon","all_points_x":[0,5,7,16,30,35,41,51,55,54,49,35,28,20,13,8,5,0],"all_points_y":[167,167,175,175,173,181,188,192,206,225,235,234,233,234,237,239,232,231]},"region_attributes":{"Fire":"1"}}],"file_attributes":{}},"Video06_Frame_220.jpg23184":{"filename":"Video06_Frame_220.jpg","size":23184,"regions":[{"shape_attributes":{"name":"polygon","all_points_x":[0,5,7,16,30,35,41,51,55,54,49,35,28,20,13,8,5,0],"all_points_y":[167,167,175,175,173,181,188,192,206,225,235,234,233,234,237,239,232,231]},"region_attributes":{"Fire":"1"}}],"file_attributes":{}},"Video06_Frame_221.jpg23140":{"filename":"Video06_Frame_221.jpg","size":23140,"regions":[],"file_attributes":{}},"Video06_Frame_222.jpg23111":{"filename":"Video06_Frame_222.jpg","size":23111,"regions":[],"file_attributes":{}},"Video06_Frame_223.jpg23333":{"filename":"Video06_Frame_223.jpg","size":23333,"regions":[],"file_attributes":{}},"Video06_Frame_224.jpg23280":{"filename":"Video06_Frame_224.jpg","size":23280,"regions":[],"file_attributes":{}},"Video06_Frame_225.jpg23616":{"filename":"Video06_Frame_225.jpg","size":23616,"regions":[{"shape_attributes":{"name":"polygon","all_points_x":[10,24,45,56,63,65,66,74,76,77,72,66,59,48,31,30],"all_points_y":[208,198,187,183,185,194,201,207,219,238,254,255,250,237,225,216]},"region_attributes":{"Fire":"1"}}],"file_attributes":{}},"Video06_Frame_226.jpg23556":{"filename":"Video06_Frame_226.jpg","size":23556,"regions":[{"shape_attributes":{"name":"polygon","all_points_x":[10,24,45,56,63,65,66,74,76,77,72,66,59,48,31,30],"all_points_y":[208,198,187,183,185,194,201,207,219,238,254,255,250,237,225,216]},"region_attributes":{"Fire":"1"}}],"file_attributes":{}},"Video06_Frame_227.jpg23492":{"filename":"Video06_Frame_227.jpg","size":23492,"regions":[],"file_attributes":{}},"Video06_Frame_228.jpg23431":{"filename":"Video06_Frame_228.jpg","size":23431,"regions":[],"file_attributes":{}},"Video06_Frame_229.jpg23022":{"filename":"Video06_Frame_229.jpg","size":23022,"regions":[],"file_attributes":{}},"Video06_Frame_230.jpg22893":{"filename":"Video06_Frame_230.jpg","size":22893,"regions":[],"file_attributes":{}},"Video06_Frame_231.jpg23620":{"filename":"Video06_Frame_231.jpg","size":23620,"regions":[],"file_attributes":{}},"Video06_Frame_232.jpg23542":{"filename":"Video06_Frame_232.jpg","size":23542,"regions":[],"file_attributes":{}},"Video06_Frame_233.jpg23991":{"filename":"Video06_Frame_233.jpg","size":23991,"regions":[],"file_attributes":{}},"Video06_Frame_234.jpg23903":{"filename":"Video06_Frame_234.jpg","size":23903,"regions":[],"file_attributes":{}},"Video06_Frame_235.jpg23983":{"filename":"Video06_Frame_235.jpg","size":23983,"regions":[],"file_attributes":{}},"Video06_Frame_236.jpg23909":{"filename":"Video06_Frame_236.jpg","size":23909,"regions":[],"file_attributes":{}},"Video06_Frame_237.jpg23530":{"filename":"Video06_Frame_237.jpg","size":23530,"regions":[],"file_attributes":{}},"Video06_Frame_238.jpg23491":{"filename":"Video06_Frame_238.jpg","size":23491,"regions":[],"file_attributes":{}},"Video06_Frame_239.jpg24118":{"filename":"Video06_Frame_239.jpg","size":24118,"regions":[],"file_attributes":{}},"Video06_Frame_240.jpg24068":{"filename":"Video06_Frame_240.jpg","size":24068,"regions":[],"file_attributes":{}},"Video06_Frame_241.jpg24523":{"filename":"Video06_Frame_241.jpg","size":24523,"regions":[],"file_attributes":{}},"Video06_Frame_242.jpg24425":{"filename":"Video06_Frame_242.jpg","size":24425,"regions":[],"file_attributes":{}},"Video06_Frame_243.jpg24090":{"filename":"Video06_Frame_243.jpg","size":24090,"regions":[],"file_attributes":{}},"Video06_Frame_244.jpg24030":{"filename":"Video06_Frame_244.jpg","size":24030,"regions":[],"file_attributes":{}},"Video06_Frame_245.jpg23919":{"filename":"Video06_Frame_245.jpg","size":23919,"regions":[],"file_attributes":{}},"Video06_Frame_246.jpg23864":{"filename":"Video06_Frame_246.jpg","size":23864,"regions":[],"file_attributes":{}},"Video06_Frame_247.jpg24254":{"filename":"Video06_Frame_247.jpg","size":24254,"regions":[],"file_attributes":{}},"Video06_Frame_248.jpg24180":{"filename":"Video06_Frame_248.jpg","size":24180,"regions":[],"file_attributes":{}},"Video06_Frame_249.jpg24424":{"filename":"Video06_Frame_249.jpg","size":24424,"regions":[],"file_attributes":{}},"Video06_Frame_250.jpg24353":{"filename":"Video06_Frame_250.jpg","size":24353,"regions":[],"file_attributes":{}},"Video06_Frame_251.jpg24459":{"filename":"Video06_Frame_251.jpg","size":24459,"regions":[{"shape_attributes":{"name":"polygon","all_points_x":[75,71,70,57,51,51,56,60,67,74,84,92,93,87,86],"all_points_y":[114,117,123,123,125,132,139,145,151,146,145,144,136,126,119]},"region_attributes":{"Fire":"1"}}],"file_attributes":{}},"Video06_Frame_252.jpg24353":{"filename":"Video06_Frame_252.jpg","size":24353,"regions":[{"shape_attributes":{"name":"polygon","all_points_x":[75,71,70,57,51,51,56,60,67,74,84,92,93,87,86],"all_points_y":[114,117,123,123,125,132,139,145,151,146,145,144,136,126,119]},"region_attributes":{"Fire":"1"}}],"file_attributes":{}},"Video06_Frame_253.jpg24768":{"filename":"Video06_Frame_253.jpg","size":24768,"regions":[],"file_attributes":{}},"Video06_Frame_254.jpg24724":{"filename":"Video06_Frame_254.jpg","size":24724,"regions":[],"file_attributes":{}},"Video06_Frame_255.jpg23795":{"filename":"Video06_Frame_255.jpg","size":23795,"regions":[],"file_attributes":{}}},"_via_attributes":{"region":{"Fire":{"type":"text","description":"1","default_value":"1"}},"file":{}},"_via_data_format_version":"2.0.10","_via_image_id_list":["Video06_Frame_001.jpg10587","Video06_Frame_002.jpg13432","Video06_Frame_003.jpg18532","Video06_Frame_004.jpg19245","Video06_Frame_005.jpg20772","Video06_Frame_006.jpg20934","Video06_Frame_007.jpg21499","Video06_Frame_008.jpg21932","Video06_Frame_009.jpg22457","Video06_Frame_010.jpg22312","Video06_Frame_011.jpg22500","Video06_Frame_012.jpg22360","Video06_Frame_013.jpg22012","Video06_Frame_014.jpg22085","Video06_Frame_015.jpg22653","Video06_Frame_016.jpg22643","Video06_Frame_017.jpg22661","Video06_Frame_018.jpg22711","Video06_Frame_019.jpg22604","Video06_Frame_020.jpg22439","Video06_Frame_021.jpg22638","Video06_Frame_022.jpg22542","Video06_Frame_023.jpg22454","Video06_Frame_024.jpg22328","Video06_Frame_025.jpg22702","Video06_Frame_026.jpg22655","Video06_Frame_027.jpg22736","Video06_Frame_028.jpg22590","Video06_Frame_029.jpg22466","Video06_Frame_030.jpg22406","Video06_Frame_031.jpg22271","Video06_Frame_032.jpg22093","Video06_Frame_033.jpg21780","Video06_Frame_034.jpg21675","Video06_Frame_035.jpg20800","Video06_Frame_036.jpg20708","Video06_Frame_037.jpg20724","Video06_Frame_038.jpg20674","Video06_Frame_039.jpg20596","Video06_Frame_040.jpg20494","Video06_Frame_041.jpg20453","Video06_Frame_042.jpg20351","Video06_Frame_043.jpg20583","Video06_Frame_044.jpg20455","Video06_Frame_045.jpg20751","Video06_Frame_046.jpg20653","Video06_Frame_047.jpg20935","Video06_Frame_048.jpg20714","Video06_Frame_049.jpg20849","Video06_Frame_050.jpg20744","Video06_Frame_051.jpg20949","Video06_Frame_052.jpg20812","Video06_Frame_053.jpg21021","Video06_Frame_054.jpg20874","Video06_Frame_055.jpg21075","Video06_Frame_056.jpg20917","Video06_Frame_057.jpg20919","Video06_Frame_058.jpg20850","Video06_Frame_059.jpg21098","Video06_Frame_060.jpg20964","Video06_Frame_061.jpg20911","Video06_Frame_062.jpg20802","Video06_Frame_063.jpg20975","Video06_Frame_064.jpg20729","Video06_Frame_065.jpg20900","Video06_Frame_066.jpg20821","Video06_Frame_067.jpg21525","Video06_Frame_068.jpg21330","Video06_Frame_069.jpg21459","Video06_Frame_070.jpg21321","Video06_Frame_071.jpg21665","Video06_Frame_072.jpg21503","Video06_Frame_073.jpg21276","Video06_Frame_074.jpg21177","Video06_Frame_075.jpg21539","Video06_Frame_076.jpg21419","Video06_Frame_077.jpg21538","Video06_Frame_078.jpg21393","Video06_Frame_079.jpg21408","Video06_Frame_080.jpg21318","Video06_Frame_081.jpg21582","Video06_Frame_082.jpg21561","Video06_Frame_083.jpg21148","Video06_Frame_084.jpg20992","Video06_Frame_085.jpg19522","Video06_Frame_086.jpg19505","Video06_Frame_087.jpg19847","Video06_Frame_088.jpg19663","Video06_Frame_089.jpg19507","Video06_Frame_090.jpg19396","Video06_Frame_091.jpg17558","Video06_Frame_092.jpg17483","Video06_Frame_093.jpg17926","Video06_Frame_094.jpg17954","Video06_Frame_095.jpg18735","Video06_Frame_096.jpg18709","Video06_Frame_097.jpg20678","Video06_Frame_098.jpg20626","Video06_Frame_099.jpg21230","Video06_Frame_100.jpg21134","Video06_Frame_101.jpg21994","Video06_Frame_102.jpg21906","Video06_Frame_103.jpg24210","Video06_Frame_104.jpg24122","Video06_Frame_105.jpg21770","Video06_Frame_106.jpg21258","Video06_Frame_107.jpg21470","Video06_Frame_108.jpg21400","Video06_Frame_109.jpg21475","Video06_Frame_110.jpg21365","Video06_Frame_111.jpg21454","Video06_Frame_112.jpg21392","Video06_Frame_113.jpg21156","Video06_Frame_114.jpg21125","Video06_Frame_115.jpg21115","Video06_Frame_116.jpg20948","Video06_Frame_117.jpg20040","Video06_Frame_118.jpg19987","Video06_Frame_119.jpg20291","Video06_Frame_120.jpg20285","Video06_Frame_121.jpg21019","Video06_Frame_122.jpg20983","Video06_Frame_123.jpg21802","Video06_Frame_124.jpg21661","Video06_Frame_125.jpg22288","Video06_Frame_126.jpg22243","Video06_Frame_127.jpg23176","Video06_Frame_128.jpg23078","Video06_Frame_129.jpg23652","Video06_Frame_130.jpg23563","Video06_Frame_131.jpg23970","Video06_Frame_132.jpg23859","Video06_Frame_133.jpg23775","Video06_Frame_134.jpg23683","Video06_Frame_135.jpg24271","Video06_Frame_136.jpg24195","Video06_Frame_137.jpg24730","Video06_Frame_138.jpg24669","Video06_Frame_139.jpg24406","Video06_Frame_140.jpg24343","Video06_Frame_141.jpg25040","Video06_Frame_142.jpg25016","Video06_Frame_143.jpg25277","Video06_Frame_144.jpg25138","Video06_Frame_145.jpg24911","Video06_Frame_146.jpg24845","Video06_Frame_147.jpg25022","Video06_Frame_148.jpg24993","Video06_Frame_149.jpg25257","Video06_Frame_150.jpg25195","Video06_Frame_151.jpg24548","Video06_Frame_152.jpg24472","Video06_Frame_153.jpg24307","Video06_Frame_154.jpg24256","Video06_Frame_155.jpg24563","Video06_Frame_156.jpg24466","Video06_Frame_157.jpg24449","Video06_Frame_158.jpg24383","Video06_Frame_159.jpg23552","Video06_Frame_160.jpg23505","Video06_Frame_161.jpg24382","Video06_Frame_162.jpg24343","Video06_Frame_163.jpg22899","Video06_Frame_164.jpg22849","Video06_Frame_165.jpg22129","Video06_Frame_166.jpg22093","Video06_Frame_167.jpg21429","Video06_Frame_168.jpg21424","Video06_Frame_169.jpg22137","Video06_Frame_170.jpg22121","Video06_Frame_171.jpg21523","Video06_Frame_172.jpg21458","Video06_Frame_173.jpg21525","Video06_Frame_174.jpg21506","Video06_Frame_175.jpg21244","Video06_Frame_176.jpg21119","Video06_Frame_177.jpg20561","Video06_Frame_178.jpg20535","Video06_Frame_179.jpg22122","Video06_Frame_180.jpg22092","Video06_Frame_181.jpg22308","Video06_Frame_182.jpg22275","Video06_Frame_183.jpg23491","Video06_Frame_184.jpg23375","Video06_Frame_185.jpg23577","Video06_Frame_186.jpg23484","Video06_Frame_187.jpg23642","Video06_Frame_188.jpg23589","Video06_Frame_189.jpg24135","Video06_Frame_190.jpg24074","Video06_Frame_191.jpg24803","Video06_Frame_192.jpg24722","Video06_Frame_193.jpg25322","Video06_Frame_194.jpg25269","Video06_Frame_195.jpg24323","Video06_Frame_196.jpg24240","Video06_Frame_197.jpg24983","Video06_Frame_198.jpg24903","Video06_Frame_199.jpg24740","Video06_Frame_200.jpg24618","Video06_Frame_201.jpg24300","Video06_Frame_202.jpg24254","Video06_Frame_203.jpg24858","Video06_Frame_204.jpg24742","Video06_Frame_205.jpg24177","Video06_Frame_206.jpg24140","Video06_Frame_207.jpg24489","Video06_Frame_208.jpg24342","Video06_Frame_209.jpg24161","Video06_Frame_210.jpg24073","Video06_Frame_211.jpg23194","Video06_Frame_212.jpg23021","Video06_Frame_213.jpg23622","Video06_Frame_214.jpg23508","Video06_Frame_215.jpg23749","Video06_Frame_216.jpg23593","Video06_Frame_217.jpg23458","Video06_Frame_218.jpg23360","Video06_Frame_219.jpg23315","Video06_Frame_220.jpg23184","Video06_Frame_221.jpg23140","Video06_Frame_222.jpg23111","Video06_Frame_223.jpg23333","Video06_Frame_224.jpg23280","Video06_Frame_225.jpg23616","Video06_Frame_226.jpg23556","Video06_Frame_227.jpg23492","Video06_Frame_228.jpg23431","Video06_Frame_229.jpg23022","Video06_Frame_230.jpg22893","Video06_Frame_231.jpg23620","Video06_Frame_232.jpg23542","Video06_Frame_233.jpg23991","Video06_Frame_234.jpg23903","Video06_Frame_235.jpg23983","Video06_Frame_236.jpg23909","Video06_Frame_237.jpg23530","Video06_Frame_238.jpg23491","Video06_Frame_239.jpg24118","Video06_Frame_240.jpg24068","Video06_Frame_241.jpg24523","Video06_Frame_242.jpg24425","Video06_Frame_243.jpg24090","Video06_Frame_244.jpg24030","Video06_Frame_245.jpg23919","Video06_Frame_246.jpg23864","Video06_Frame_247.jpg24254","Video06_Frame_248.jpg24180","Video06_Frame_249.jpg24424","Video06_Frame_250.jpg24353","Video06_Frame_251.jpg24459","Video06_Frame_252.jpg24353","Video06_Frame_253.jpg24768","Video06_Frame_254.jpg24724","Video06_Frame_255.jpg23795"]}