{"_via_settings":{"ui":{"annotation_editor_height":25,"annotation_editor_fontsize":0.8,"leftsidebar_width":18,"image_grid":{"img_height":80,"rshape_fill":"none","rshape_fill_opacity":0.3,"rshape_stroke":"yellow","rshape_stroke_width":2,"show_region_shape":true,"show_image_policy":"all"},"image":{"region_label":"Fire","region_color":"Fire","region_label_font":"10px Sans","on_image_annotation_editor_placement":"NEAR_REGION"}},"core":{"buffer_size":18,"filepath":{},"default_filepath":""},"project":{"name":"Video12"}},"_via_img_metadata":{"Video12_Frame_001.jpg20870":{"filename":"Video12_Frame_001.jpg","size":20870,"regions":[{"shape_attributes":{"name":"polygon","all_points_x":[148,146,147,147,148,150,151],"all_points_y":[136,136,138,138,142,142,140]},"region_attributes":{"Fire":"1"}}],"file_attributes":{}},"Video12_Frame_002.jpg21453":{"filename":"Video12_Frame_002.jpg","size":21453,"regions":[],"file_attributes":{}},"Video12_Frame_003.jpg21925":{"filename":"Video12_Frame_003.jpg","size":21925,"regions":[],"file_attributes":{}},"Video12_Frame_004.jpg22677":{"filename":"Video12_Frame_004.jpg","size":22677,"regions":[{"shape_attributes":{"name":"polygon","all_points_x":[144,148,148,149,152,151,148,145],"all_points_y":[135,136,138,139,139,141,141,139]},"region_attributes":{"Fire":"1"}}],"file_attributes":{}},"Video12_Frame_005.jpg23824":{"filename":"Video12_Frame_005.jpg","size":23824,"regions":[{"shape_attributes":{"name":"polygon","all_points_x":[145,150,150,150,148,145],"all_points_y":[134,134,138,141,140,137]},"region_attributes":{"Fire":"1"}}],"file_attributes":{}},"Video12_Frame_006.jpg26192":{"filename":"Video12_Frame_006.jpg","size":26192,"regions":[{"shape_attributes":{"name":"polygon","all_points_x":[144,148,148,149,149,147,145],"all_points_y":[136,136,138,139,140,138,137]},"region_attributes":{"Fire":"1"}}],"file_attributes":{}},"Video12_Frame_007.jpg25850":{"filename":"Video12_Frame_007.jpg","size":25850,"regions":[{"shape_attributes":{"name":"polygon","all_points_x":[145,148,148,150,150,150,148,145],"all_points_y":[136,136,138,138,140,141,139,137]},"region_attributes":{"Fire":"1"}}],"file_attributes":{}},"Video12_Frame_008.jpg26541":{"filename":"Video12_Frame_008.jpg","size":26541,"regions":[],"file_attributes":{}},"Video12_Frame_009.jpg26034":{"filename":"Video12_Frame_009.jpg","size":26034,"regions":[],"file_attributes":{}},"Video12_Frame_010.jpg26765":{"filename":"Video12_Frame_010.jpg","size":26765,"regions":[],"file_attributes":{}},"Video12_Frame_011.jpg26214":{"filename":"Video12_Frame_011.jpg","size":26214,"regions":[],"file_attributes":{}},"Video12_Frame_012.jpg26431":{"filename":"Video12_Frame_012.jpg","size":26431,"regions":[{"shape_attributes":{"name":"polygon","all_points_x":[145,146,147,148,150,150,148,147,146],"all_points_y":[138,136,136,138,138,140,140,140,140]},"region_attributes":{"Fire":"1"}}],"file_attributes":{}},"Video12_Frame_013.jpg30043":{"filename":"Video12_Frame_013.jpg","size":30043,"regions":[{"shape_attributes":{"name":"polygon","all_points_x":[147,146,147,148,150,150,148],"all_points_y":[136,138,139,140,140,138,138]},"region_attributes":{"Fire":"1"}}],"file_attributes":{}},"Video12_Frame_014.jpg28942":{"filename":"Video12_Frame_014.jpg","size":28942,"regions":[{"shape_attributes":{"name":"polygon","all_points_x":[147,146,147,149,150,151,151,150,149,148,148],"all_points_y":[136,137,140,140,139,138,137,137,138,138,137]},"region_attributes":{"Fire":"1"}}],"file_attributes":{}},"Video12_Frame_015.jpg29593":{"filename":"Video12_Frame_015.jpg","size":29593,"regions":[],"file_attributes":{}},"Video12_Frame_016.jpg29655":{"filename":"Video12_Frame_016.jpg","size":29655,"regions":[],"file_attributes":{}},"Video12_Frame_017.jpg28942":{"filename":"Video12_Frame_017.jpg","size":28942,"regions":[{"shape_attributes":{"name":"polygon","all_points_x":[150,150,150,149,147,145,146],"all_points_y":[140,137,135,136,136,136,139]},"region_attributes":{"Fire":"1"}}],"file_attributes":{}},"Video12_Frame_018.jpg29331":{"filename":"Video12_Frame_018.jpg","size":29331,"regions":[{"shape_attributes":{"name":"polygon","all_points_x":[146,149,149,149,149,146,145,145],"all_points_y":[138,140,139,137,136,135,137,138]},"region_attributes":{"Fire":"1"}}],"file_attributes":{}},"Video12_Frame_019.jpg28870":{"filename":"Video12_Frame_019.jpg","size":28870,"regions":[{"shape_attributes":{"name":"polygon","all_points_x":[150,149,148,146,144,144,145],"all_points_y":[139,136,134,134,135,137,139]},"region_attributes":{"Fire":"1"}}],"file_attributes":{}},"Video12_Frame_020.jpg29663":{"filename":"Video12_Frame_020.jpg","size":29663,"regions":[{"shape_attributes":{"name":"polygon","all_points_x":[145,150,150,148,146,145,144],"all_points_y":[139,139,137,135,133,134,137]},"region_attributes":{"Fire":"1"}}],"file_attributes":{}},"Video12_Frame_021.jpg29657":{"filename":"Video12_Frame_021.jpg","size":29657,"regions":[{"shape_attributes":{"name":"polygon","all_points_x":[146,149,150,150,148,147,145,145],"all_points_y":[140,139,139,136,135,134,134,137]},"region_attributes":{"Fire":"1"}}],"file_attributes":{}},"Video12_Frame_022.jpg28982":{"filename":"Video12_Frame_022.jpg","size":28982,"regions":[{"shape_attributes":{"name":"polygon","all_points_x":[147,149,151,151,148,146,145,145],"all_points_y":[133,133,135,140,140,141,137,134]},"region_attributes":{"Fire":"1"}}],"file_attributes":{}},"Video12_Frame_023.jpg29667":{"filename":"Video12_Frame_023.jpg","size":29667,"regions":[{"shape_attributes":{"name":"polygon","all_points_x":[147,151,152,151,150,148,146,145],"all_points_y":[140,140,140,137,134,134,133,134]},"region_attributes":{"Fire":"1"}}],"file_attributes":{}},"Video12_Frame_024.jpg29759":{"filename":"Video12_Frame_024.jpg","size":29759,"regions":[{"shape_attributes":{"name":"polygon","all_points_x":[146,150,152,152,148,146],"all_points_y":[133,134,137,139,140,136]},"region_attributes":{"Fire":"1"}}],"file_attributes":{}},"Video12_Frame_025.jpg27856":{"filename":"Video12_Frame_025.jpg","size":27856,"regions":[{"shape_attributes":{"name":"polygon","all_points_x":[147,151,152,152,151,149,148,146,146],"all_points_y":[133,133,134,138,139,140,139,136,134]},"region_attributes":{"Fire":"1"}}],"file_attributes":{}},"Video12_Frame_026.jpg29213":{"filename":"Video12_Frame_026.jpg","size":29213,"regions":[{"shape_attributes":{"name":"polygon","all_points_x":[147,150,152,152,150,149,147],"all_points_y":[135,135,136,139,140,140,138]},"region_attributes":{"Fire":"1"}}],"file_attributes":{}},"Video12_Frame_027.jpg29352":{"filename":"Video12_Frame_027.jpg","size":29352,"regions":[{"shape_attributes":{"name":"polygon","all_points_x":[147,148,149,149,151,152,151,150,148],"all_points_y":[136,134,134,134,135,136,139,139,139]},"region_attributes":{"Fire":"1"}}],"file_attributes":{}},"Video12_Frame_028.jpg28423":{"filename":"Video12_Frame_028.jpg","size":28423,"regions":[{"shape_attributes":{"name":"polygon","all_points_x":[148,150,152,151,150,149,148,147],"all_points_y":[134,134,136,138,139,138,137,136]},"region_attributes":{"Fire":"1"}}],"file_attributes":{}},"Video12_Frame_029.jpg28442":{"filename":"Video12_Frame_029.jpg","size":28442,"regions":[{"shape_attributes":{"name":"polygon","all_points_x":[149,151,152,152,150,149,148,148],"all_points_y":[135,135,136,140,140,140,138,136]},"region_attributes":{"Fire":"1"}}],"file_attributes":{}},"Video12_Frame_030.jpg28339":{"filename":"Video12_Frame_030.jpg","size":28339,"regions":[{"shape_attributes":{"name":"polygon","all_points_x":[146,147,150,152,154,154,154,153,151,148,146],"all_points_y":[132,132,134,135,134,136,139,141,140,139,137]},"region_attributes":{"Fire":"1"}}],"file_attributes":{}},"Video12_Frame_031.jpg28373":{"filename":"Video12_Frame_031.jpg","size":28373,"regions":[{"shape_attributes":{"name":"polygon","all_points_x":[148,149,150,147,147],"all_points_y":[134,137,141,141,136]},"region_attributes":{"Fire":"1"}}],"file_attributes":{}},"Video12_Frame_032.jpg30882":{"filename":"Video12_Frame_032.jpg","size":30882,"regions":[{"shape_attributes":{"name":"polygon","all_points_x":[147,147,148,150,150],"all_points_y":[135,137,140,140,138]},"region_attributes":{"Fire":"1"}}],"file_attributes":{}},"Video12_Frame_033.jpg29871":{"filename":"Video12_Frame_033.jpg","size":29871,"regions":[],"file_attributes":{}},"Video12_Frame_034.jpg29786":{"filename":"Video12_Frame_034.jpg","size":29786,"regions":[{"shape_attributes":{"name":"polygon","all_points_x":[147,147,148,150,150,150,150,148],"all_points_y":[137,135,134,134,138,139,140,140]},"region_attributes":{"Fire":"1"}}],"file_attributes":{}},"Video12_Frame_035.jpg30521":{"filename":"Video12_Frame_035.jpg","size":30521,"regions":[],"file_attributes":{}},"Video12_Frame_036.jpg30619":{"filename":"Video12_Frame_036.jpg","size":30619,"regions":[],"file_attributes":{}},"Video12_Frame_037.jpg28209":{"filename":"Video12_Frame_037.jpg","size":28209,"regions":[],"file_attributes":{}},"Video12_Frame_038.jpg29633":{"filename":"Video12_Frame_038.jpg","size":29633,"regions":[],"file_attributes":{}},"Video12_Frame_039.jpg29656":{"filename":"Video12_Frame_039.jpg","size":29656,"regions":[],"file_attributes":{}},"Video12_Frame_040.jpg28608":{"filename":"Video12_Frame_040.jpg","size":28608,"regions":[{"shape_attributes":{"name":"polygon","all_points_x":[145,147,149,149,148,148,145],"all_points_y":[137,140,140,138,136,135,134]},"region_attributes":{"Fire":"1"}}],"file_attributes":{}},"Video12_Frame_041.jpg29701":{"filename":"Video12_Frame_041.jpg","size":29701,"regions":[],"file_attributes":{}},"Video12_Frame_042.jpg29871":{"filename":"Video12_Frame_042.jpg","size":29871,"regions":[],"file_attributes":{}},"Video12_Frame_043.jpg29926":{"filename":"Video12_Frame_043.jpg","size":29926,"regions":[],"file_attributes":{}},"Video12_Frame_044.jpg29991":{"filename":"Video12_Frame_044.jpg","size":29991,"regions":[],"file_attributes":{}},"Video12_Frame_045.jpg31073":{"filename":"Video12_Frame_045.jpg","size":31073,"regions":[],"file_attributes":{}},"Video12_Frame_046.jpg28522":{"filename":"Video12_Frame_046.jpg","size":28522,"regions":[{"shape_attributes":{"name":"polygon","all_points_x":[146,148,152,153,153,150,149,147],"all_points_y":[136,136,136,137,139,140,140,139]},"region_attributes":{"Fire":"1"}}],"file_attributes":{}},"Video12_Frame_047.jpg28421":{"filename":"Video12_Frame_047.jpg","size":28421,"regions":[],"file_attributes":{}},"Video12_Frame_048.jpg28479":{"filename":"Video12_Frame_048.jpg","size":28479,"regions":[{"shape_attributes":{"name":"polygon","all_points_x":[146,149,149,150,150,150,148,147],"all_points_y":[133,133,130,134,139,141,139,137]},"region_attributes":{"Fire":"1"}}],"file_attributes":{}},"Video12_Frame_049.jpg31156":{"filename":"Video12_Frame_049.jpg","size":31156,"regions":[],"file_attributes":{}},"Video12_Frame_050.jpg31201":{"filename":"Video12_Frame_050.jpg","size":31201,"regions":[],"file_attributes":{}},"Video12_Frame_051.jpg29992":{"filename":"Video12_Frame_051.jpg","size":29992,"regions":[{"shape_attributes":{"name":"polygon","all_points_x":[145,147,149,150,146],"all_points_y":[138,136,138,139,140]},"region_attributes":{"Fire":"1"}}],"file_attributes":{}},"Video12_Frame_052.jpg30829":{"filename":"Video12_Frame_052.jpg","size":30829,"regions":[],"file_attributes":{}},"Video12_Frame_053.jpg29941":{"filename":"Video12_Frame_053.jpg","size":29941,"regions":[{"shape_attributes":{"name":"polygon","all_points_x":[147,149,151,151,150,147],"all_points_y":[135,134,135,138,140,138]},"region_attributes":{"Fire":"1"}}],"file_attributes":{}},"Video12_Frame_054.jpg29898":{"filename":"Video12_Frame_054.jpg","size":29898,"regions":[{"shape_attributes":{"name":"polygon","all_points_x":[150,147,145,148,150],"all_points_y":[131,132,136,138,135]},"region_attributes":{"Fire":"1"}}],"file_attributes":{}},"Video12_Frame_055.jpg30714":{"filename":"Video12_Frame_055.jpg","size":30714,"regions":[],"file_attributes":{}},"Video12_Frame_056.jpg29898":{"filename":"Video12_Frame_056.jpg","size":29898,"regions":[{"shape_attributes":{"name":"polygon","all_points_x":[146,150,150,150,147],"all_points_y":[134,134,139,141,138]},"region_attributes":{"Fire":"1"}}],"file_attributes":{}},"Video12_Frame_057.jpg30772":{"filename":"Video12_Frame_057.jpg","size":30772,"regions":[],"file_attributes":{}},"Video12_Frame_058.jpg29948":{"filename":"Video12_Frame_058.jpg","size":29948,"regions":[{"shape_attributes":{"name":"polygon","all_points_x":[148,151,152,151,149],"all_points_y":[138,138,139,142,141]},"region_attributes":{"Fire":"1"}}],"file_attributes":{}},"Video12_Frame_059.jpg30556":{"filename":"Video12_Frame_059.jpg","size":30556,"regions":[],"file_attributes":{}},"Video12_Frame_060.jpg30029":{"filename":"Video12_Frame_060.jpg","size":30029,"regions":[{"shape_attributes":{"name":"polygon","all_points_x":[148,146,145,147,148,149,150,150],"all_points_y":[134,136,140,141,140,141,141,138]},"region_attributes":{"Fire":"1"}}],"file_attributes":{}},"Video12_Frame_061.jpg30732":{"filename":"Video12_Frame_061.jpg","size":30732,"regions":[{"shape_attributes":{"name":"polygon","all_points_x":[146,148,151,149,147],"all_points_y":[134,135,140,141,137]},"region_attributes":{"Fire":"1"}}],"file_attributes":{}},"Video12_Frame_062.jpg30009":{"filename":"Video12_Frame_062.jpg","size":30009,"regions":[{"shape_attributes":{"name":"polygon","all_points_x":[145,147,151,151,148],"all_points_y":[135,135,140,141,141]},"region_attributes":{"Fire":"1"}}],"file_attributes":{}},"Video12_Frame_063.jpg30000":{"filename":"Video12_Frame_063.jpg","size":30000,"regions":[{"shape_attributes":{"name":"polygon","all_points_x":[146,147,150,150,150,148],"all_points_y":[136,134,134,138,141,140]},"region_attributes":{"Fire":"1"}}],"file_attributes":{}},"Video12_Frame_064.jpg30710":{"filename":"Video12_Frame_064.jpg","size":30710,"regions":[{"shape_attributes":{"name":"polygon","all_points_x":[145,148,148,150,149,148,148,146],"all_points_y":[136,135,137,137,140,140,138,137]},"region_attributes":{"Fire":"1"}}],"file_attributes":{}},"Video12_Frame_065.jpg30765":{"filename":"Video12_Frame_065.jpg","size":30765,"regions":[{"shape_attributes":{"name":"polygon","all_points_x":[145,148,148,149,149,148,148,146],"all_points_y":[136,135,137,138,140,140,138,137]},"region_attributes":{"Fire":"1"}}],"file_attributes":{}},"Video12_Frame_066.jpg28951":{"filename":"Video12_Frame_066.jpg","size":28951,"regions":[{"shape_attributes":{"name":"polygon","all_points_x":[144,147,147,148,150,151,152,152,148,147,145],"all_points_y":[131,131,133,135,135,136,139,141,141,137,136]},"region_attributes":{"Fire":"1"}}],"file_attributes":{}},"Video12_Frame_067.jpg30152":{"filename":"Video12_Frame_067.jpg","size":30152,"regions":[{"shape_attributes":{"name":"polygon","all_points_x":[146,149,150,151,150,148,147,146],"all_points_y":[137,140,141,140,138,137,135,135]},"region_attributes":{"Fire":"1"}}],"file_attributes":{}},"Video12_Frame_068.jpg29261":{"filename":"Video12_Frame_068.jpg","size":29261,"regions":[{"shape_attributes":{"name":"polygon","all_points_x":[146,149,151,152,150,145],"all_points_y":[137,140,141,138,134,133]},"region_attributes":{"Fire":"1"}}],"file_attributes":{}},"Video12_Frame_069.jpg29245":{"filename":"Video12_Frame_069.jpg","size":29245,"regions":[{"shape_attributes":{"name":"polygon","all_points_x":[147,148,151,151,151,150,147,146,147],"all_points_y":[129,134,134,136,139,140,139,137,132]},"region_attributes":{"Fire":"1"}}],"file_attributes":{}},"Video12_Frame_070.jpg29186":{"filename":"Video12_Frame_070.jpg","size":29186,"regions":[{"shape_attributes":{"name":"polygon","all_points_x":[147,150,150,150,149,146,146],"all_points_y":[134,134,135,139,140,140,135]},"region_attributes":{"Fire":"1"}}],"file_attributes":{}},"Video12_Frame_071.jpg29190":{"filename":"Video12_Frame_071.jpg","size":29190,"regions":[{"shape_attributes":{"name":"polygon","all_points_x":[145,148,149,150,151,150,149,147,145,144],"all_points_y":[135,134,136,135,136,138,140,140,140,138]},"region_attributes":{"Fire":"1"}}],"file_attributes":{}},"Video12_Frame_072.jpg29042":{"filename":"Video12_Frame_072.jpg","size":29042,"regions":[{"shape_attributes":{"name":"polygon","all_points_x":[146,146,148,149,150,151,151,151,150,149,149],"all_points_y":[136,135,135,134,134,135,138,140,141,141,139]},"region_attributes":{"Fire":"1"}}],"file_attributes":{}},"Video12_Frame_073.jpg29018":{"filename":"Video12_Frame_073.jpg","size":29018,"regions":[{"shape_attributes":{"name":"polygon","all_points_x":[145,148,149,150,151,150,150,149],"all_points_y":[135,135,134,135,136,137,142,142]},"region_attributes":{"Fire":"1"}}],"file_attributes":{}},"Video12_Frame_074.jpg31497":{"filename":"Video12_Frame_074.jpg","size":31497,"regions":[],"file_attributes":{}},"Video12_Frame_075.jpg31484":{"filename":"Video12_Frame_075.jpg","size":31484,"regions":[],"file_attributes":{}},"Video12_Frame_076.jpg31462":{"filename":"Video12_Frame_076.jpg","size":31462,"regions":[],"file_attributes":{}},"Video12_Frame_077.jpg31586":{"filename":"Video12_Frame_077.jpg","size":31586,"regions":[],"file_attributes":{}},"Video12_Frame_078.jpg31665":{"filename":"Video12_Frame_078.jpg","size":31665,"regions":[],"file_attributes":{}},"Video12_Frame_079.jpg32216":{"filename":"Video12_Frame_079.jpg","size":32216,"regions":[],"file_attributes":{}},"Video12_Frame_080.jpg29760":{"filename":"Video12_Frame_080.jpg","size":29760,"regions":[{"shape_attributes":{"name":"polygon","all_points_x":[146,149,150,150,149,147,145],"all_points_y":[131,134,135,141,140,139,138]},"region_attributes":{"Fire":"1"}}],"file_attributes":{}},"Video12_Frame_081.jpg31003":{"filename":"Video12_Frame_081.jpg","size":31003,"regions":[{"shape_attributes":{"name":"polygon","all_points_x":[146,144,144,146,148,148,147],"all_points_y":[134,135,137,139,139,137,135]},"region_attributes":{"Fire":"1"}}],"file_attributes":{}},"Video12_Frame_082.jpg30113":{"filename":"Video12_Frame_082.jpg","size":30113,"regions":[{"shape_attributes":{"name":"polygon","all_points_x":[146,150,150,149,148,146,145,145],"all_points_y":[130,134,137,139,139,139,136,132]},"region_attributes":{"Fire":"1"}}],"file_attributes":{}},"Video12_Frame_083.jpg29986":{"filename":"Video12_Frame_083.jpg","size":29986,"regions":[{"shape_attributes":{"name":"polygon","all_points_x":[146,148,150,150,148,145,144,144],"all_points_y":[133,135,139,141,142,139,137,132]},"region_attributes":{"Fire":"1"}}],"file_attributes":{}},"Video12_Frame_084.jpg29988":{"filename":"Video12_Frame_084.jpg","size":29988,"regions":[{"shape_attributes":{"name":"polygon","all_points_x":[143,145,147,148,149,150,150,148,145],"all_points_y":[136,133,133,133,134,136,138,139,139]},"region_attributes":{"Fire":"1"}}],"file_attributes":{}},"Video12_Frame_085.jpg29680":{"filename":"Video12_Frame_085.jpg","size":29680,"regions":[{"shape_attributes":{"name":"polygon","all_points_x":[143,142,145,146,149,150,150,152,151,150,149,148,148],"all_points_y":[136,134,132,132,132,132,134,137,139,138,137,137,139]},"region_attributes":{"Fire":"1"}}],"file_attributes":{}},"Video12_Frame_086.jpg29675":{"filename":"Video12_Frame_086.jpg","size":29675,"regions":[{"shape_attributes":{"name":"polygon","all_points_x":[144,150,151,148,147,145],"all_points_y":[134,134,136,137,138,138]},"region_attributes":{"Fire":"1"}}],"file_attributes":{}},"Video12_Frame_087.jpg29632":{"filename":"Video12_Frame_087.jpg","size":29632,"regions":[{"shape_attributes":{"name":"polygon","all_points_x":[145,150,151,151,151,149,147,146,145],"all_points_y":[135,135,136,138,139,140,139,138,138]},"region_attributes":{"Fire":"1"}}],"file_attributes":{}},"Video12_Frame_088.jpg31847":{"filename":"Video12_Frame_088.jpg","size":31847,"regions":[{"shape_attributes":{"name":"polygon","all_points_x":[144,147,148,148,145],"all_points_y":[136,135,136,139,138]},"region_attributes":{"Fire":"1"}}],"file_attributes":{}},"Video12_Frame_089.jpg30848":{"filename":"Video12_Frame_089.jpg","size":30848,"regions":[{"shape_attributes":{"name":"polygon","all_points_x":[145,147,148,151,152,151,148,148,145],"all_points_y":[137,136,136,137,139,141,140,138,138]},"region_attributes":{"Fire":"1"}}],"file_attributes":{}},"Video12_Frame_090.jpg30789":{"filename":"Video12_Frame_090.jpg","size":30789,"regions":[{"shape_attributes":{"name":"polygon","all_points_x":[144,145,149,151,151,150,148,146],"all_points_y":[137,135,135,137,139,141,139,138]},"region_attributes":{"Fire":"1"}}],"file_attributes":{}},"Video12_Frame_091.jpg30741":{"filename":"Video12_Frame_091.jpg","size":30741,"regions":[{"shape_attributes":{"name":"polygon","all_points_x":[144,145,148,149,151,151,151,149,147,146,146],"all_points_y":[136,136,136,138,138,140,142,140,140,140,138]},"region_attributes":{"Fire":"1"}}],"file_attributes":{}},"Video12_Frame_092.jpg29808":{"filename":"Video12_Frame_092.jpg","size":29808,"regions":[{"shape_attributes":{"name":"polygon","all_points_x":[145,148,149,150,150,147,145],"all_points_y":[136,136,138,139,141,141,141]},"region_attributes":{"Fire":"1"}}],"file_attributes":{}},"Video12_Frame_093.jpg29828":{"filename":"Video12_Frame_093.jpg","size":29828,"regions":[{"shape_attributes":{"name":"polygon","all_points_x":[145,148,150,151,145],"all_points_y":[136,136,137,141,141]},"region_attributes":{"Fire":"1"}}],"file_attributes":{}},"Video12_Frame_094.jpg29755":{"filename":"Video12_Frame_094.jpg","size":29755,"regions":[{"shape_attributes":{"name":"polygon","all_points_x":[144,147,150,151,149,148,147,146],"all_points_y":[137,136,136,138,139,140,141,140]},"region_attributes":{"Fire":"1"}}],"file_attributes":{}},"Video12_Frame_095.jpg29757":{"filename":"Video12_Frame_095.jpg","size":29757,"regions":[{"shape_attributes":{"name":"polygon","all_points_x":[144,147,149,151,151,151,151],"all_points_y":[137,140,140,140,140,137,136]},"region_attributes":{"Fire":"1"}}],"file_attributes":{}},"Video12_Frame_096.jpg29768":{"filename":"Video12_Frame_096.jpg","size":29768,"regions":[{"shape_attributes":{"name":"polygon","all_points_x":[145,145,145,147,149,149,148],"all_points_y":[136,137,139,140,140,138,137]},"region_attributes":{"Fire":"1"}}],"file_attributes":{}},"Video12_Frame_097.jpg29803":{"filename":"Video12_Frame_097.jpg","size":29803,"regions":[{"shape_attributes":{"name":"polygon","all_points_x":[145,148,148,148,147,145],"all_points_y":[137,135,137,139,139,139]},"region_attributes":{"Fire":"1"}}],"file_attributes":{}},"Video12_Frame_098.jpg29789":{"filename":"Video12_Frame_098.jpg","size":29789,"regions":[{"shape_attributes":{"name":"polygon","all_points_x":[144,147,149,149,147,147,146,146],"all_points_y":[136,136,137,139,139,141,141,139]},"region_attributes":{"Fire":"1"}}],"file_attributes":{}},"Video12_Frame_099.jpg31956":{"filename":"Video12_Frame_099.jpg","size":31956,"regions":[{"shape_attributes":{"name":"polygon","all_points_x":[144,145,148,148,150,149,149,146],"all_points_y":[136,138,138,140,140,139,137,136]},"region_attributes":{"Fire":"1"}}],"file_attributes":{}},"Video12_Frame_100.jpg32072":{"filename":"Video12_Frame_100.jpg","size":32072,"regions":[{"shape_attributes":{"name":"polygon","all_points_x":[144,147,149,149,149,148,146,144],"all_points_y":[136,135,136,137,140,139,137,137]},"region_attributes":{"Fire":"1"}}],"file_attributes":{}},"Video12_Frame_101.jpg32090":{"filename":"Video12_Frame_101.jpg","size":32090,"regions":[],"file_attributes":{}},"Video12_Frame_102.jpg32118":{"filename":"Video12_Frame_102.jpg","size":32118,"regions":[],"file_attributes":{}},"Video12_Frame_103.jpg32156":{"filename":"Video12_Frame_103.jpg","size":32156,"regions":[],"file_attributes":{}},"Video12_Frame_104.jpg32473":{"filename":"Video12_Frame_104.jpg","size":32473,"regions":[],"file_attributes":{}},"Video12_Frame_105.jpg32442":{"filename":"Video12_Frame_105.jpg","size":32442,"regions":[],"file_attributes":{}},"Video12_Frame_106.jpg32544":{"filename":"Video12_Frame_106.jpg","size":32544,"regions":[],"file_attributes":{}},"Video12_Frame_107.jpg32552":{"filename":"Video12_Frame_107.jpg","size":32552,"regions":[],"file_attributes":{}},"Video12_Frame_108.jpg32534":{"filename":"Video12_Frame_108.jpg","size":32534,"regions":[],"file_attributes":{}},"Video12_Frame_109.jpg32567":{"filename":"Video12_Frame_109.jpg","size":32567,"regions":[],"file_attributes":{}},"Video12_Frame_110.jpg32629":{"filename":"Video12_Frame_110.jpg","size":32629,"regions":[],"file_attributes":{}},"Video12_Frame_111.jpg32618":{"filename":"Video12_Frame_111.jpg","size":32618,"regions":[],"file_attributes":{}},"Video12_Frame_112.jpg32655":{"filename":"Video12_Frame_112.jpg","size":32655,"regions":[],"file_attributes":{}},"Video12_Frame_113.jpg32696":{"filename":"Video12_Frame_113.jpg","size":32696,"regions":[],"file_attributes":{}},"Video12_Frame_114.jpg32704":{"filename":"Video12_Frame_114.jpg","size":32704,"regions":[{"shape_attributes":{"name":"polygon","all_points_x":[145,147,148,151,149,146],"all_points_y":[135,135,137,139,140,137]},"region_attributes":{"Fire":"1"}}],"file_attributes":{}},"Video12_Frame_115.jpg32732":{"filename":"Video12_Frame_115.jpg","size":32732,"regions":[{"shape_attributes":{"name":"polygon","all_points_x":[145,148,148,149,150,149,148,147,145],"all_points_y":[135,135,137,138,139,140,140,138,136]},"region_attributes":{"Fire":"1"}}],"file_attributes":{}},"Video12_Frame_116.jpg32705":{"filename":"Video12_Frame_116.jpg","size":32705,"regions":[{"shape_attributes":{"name":"polygon","all_points_x":[144,147,147,150,150,148,148,145],"all_points_y":[135,137,139,141,139,137,134,134]},"region_attributes":{"Fire":"1"}}],"file_attributes":{}},"Video12_Frame_117.jpg32751":{"filename":"Video12_Frame_117.jpg","size":32751,"regions":[{"shape_attributes":{"name":"polygon","all_points_x":[144,148,148,150,149,146],"all_points_y":[134,134,137,138,140,138]},"region_attributes":{"Fire":"1"}}],"file_attributes":{}},"Video12_Frame_118.jpg32748":{"filename":"Video12_Frame_118.jpg","size":32748,"regions":[{"shape_attributes":{"name":"polygon","all_points_x":[145,148,148,150,150,149,147,146],"all_points_y":[135,135,137,138,140,140,139,138]},"region_attributes":{"Fire":"1"}}],"file_attributes":{}},"Video12_Frame_119.jpg32745":{"filename":"Video12_Frame_119.jpg","size":32745,"regions":[{"shape_attributes":{"name":"polygon","all_points_x":[147,148,150,150,149,148],"all_points_y":[138,137,137,139,140,140]},"region_attributes":{"Fire":"1"}}],"file_attributes":{}},"Video12_Frame_120.jpg32713":{"filename":"Video12_Frame_120.jpg","size":32713,"regions":[{"shape_attributes":{"name":"polygon","all_points_x":[147,148,149,150,151,150,149],"all_points_y":[138,137,137,137,139,140,140]},"region_attributes":{"Fire":"1"}}],"file_attributes":{}},"Video12_Frame_121.jpg32741":{"filename":"Video12_Frame_121.jpg","size":32741,"regions":[],"file_attributes":{}},"Video12_Frame_122.jpg32760":{"filename":"Video12_Frame_122.jpg","size":32760,"regions":[],"file_attributes":{}},"Video12_Frame_123.jpg32736":{"filename":"Video12_Frame_123.jpg","size":32736,"regions":[],"file_attributes":{}},"Video12_Frame_124.jpg32761":{"filename":"Video12_Frame_124.jpg","size":32761,"regions":[],"file_attributes":{}},"Video12_Frame_125.jpg32818":{"filename":"Video12_Frame_125.jpg","size":32818,"regions":[],"file_attributes":{}},"Video12_Frame_126.jpg32765":{"filename":"Video12_Frame_126.jpg","size":32765,"regions":[],"file_attributes":{}},"Video12_Frame_127.jpg32821":{"filename":"Video12_Frame_127.jpg","size":32821,"regions":[{"shape_attributes":{"name":"polygon","all_points_x":[148,148,150,150,150],"all_points_y":[140,138,138,140,140]},"region_attributes":{"Fire":"1"}}],"file_attributes":{}},"Video12_Frame_128.jpg32835":{"filename":"Video12_Frame_128.jpg","size":32835,"regions":[{"shape_attributes":{"name":"polygon","all_points_x":[148,150,150,150,148,148],"all_points_y":[137,138,139,141,140,140]},"region_attributes":{"Fire":"1"}}],"file_attributes":{}},"Video12_Frame_129.jpg32862":{"filename":"Video12_Frame_129.jpg","size":32862,"regions":[{"shape_attributes":{"name":"polygon","all_points_x":[148,150,150,150,148],"all_points_y":[136,138,140,141,140]},"region_attributes":{"Fire":"1"}}],"file_attributes":{}},"Video12_Frame_130.jpg32885":{"filename":"Video12_Frame_130.jpg","size":32885,"regions":[{"shape_attributes":{"name":"polygon","all_points_x":[148,150,150,150,149,148],"all_points_y":[137,137,139,141,140,139]},"region_attributes":{"Fire":"1"}}],"file_attributes":{}},"Video12_Frame_131.jpg32873":{"filename":"Video12_Frame_131.jpg","size":32873,"regions":[{"shape_attributes":{"name":"polygon","all_points_x":[148,149,149,150,150,149,148],"all_points_y":[137,137,138,139,141,140,139]},"region_attributes":{"Fire":"1"}}],"file_attributes":{}},"Video12_Frame_132.jpg32924":{"filename":"Video12_Frame_132.jpg","size":32924,"regions":[{"shape_attributes":{"name":"polygon","all_points_x":[148,149,149,150,150,149,148],"all_points_y":[137,137,138,139,141,140,139]},"region_attributes":{"Fire":"1"}}],"file_attributes":{}},"Video12_Frame_133.jpg32880":{"filename":"Video12_Frame_133.jpg","size":32880,"regions":[{"shape_attributes":{"name":"polygon","all_points_x":[147,149,149,150,150,148,148,147],"all_points_y":[137,137,138,139,141,141,140,138]},"region_attributes":{"Fire":"1"}}],"file_attributes":{}},"Video12_Frame_134.jpg32923":{"filename":"Video12_Frame_134.jpg","size":32923,"regions":[{"shape_attributes":{"name":"polygon","all_points_x":[149,149,150,150,148,148,147],"all_points_y":[137,138,139,141,141,140,138]},"region_attributes":{"Fire":"1"}}],"file_attributes":{}},"Video12_Frame_135.jpg32919":{"filename":"Video12_Frame_135.jpg","size":32919,"regions":[{"shape_attributes":{"name":"polygon","all_points_x":[146,148,149,150,150,150],"all_points_y":[138,137,137,138,140,141]},"region_attributes":{"Fire":"1"}}],"file_attributes":{}},"Video12_Frame_136.jpg32932":{"filename":"Video12_Frame_136.jpg","size":32932,"regions":[{"shape_attributes":{"name":"polygon","all_points_x":[148,149,150,150,148,148],"all_points_y":[137,138,140,141,140,138]},"region_attributes":{"Fire":"1"}}],"file_attributes":{}},"Video12_Frame_137.jpg32892":{"filename":"Video12_Frame_137.jpg","size":32892,"regions":[{"shape_attributes":{"name":"polygon","all_points_x":[149,150,150,149,148,148],"all_points_y":[137,138,141,141,139,138]},"region_attributes":{"Fire":"1"}}],"file_attributes":{}},"Video12_Frame_138.jpg32903":{"filename":"Video12_Frame_138.jpg","size":32903,"regions":[{"shape_attributes":{"name":"polygon","all_points_x":[149,150,150,150,149,148],"all_points_y":[137,138,141,141,141,138]},"region_attributes":{"Fire":"1"}}],"file_attributes":{}},"Video12_Frame_139.jpg32928":{"filename":"Video12_Frame_139.jpg","size":32928,"regions":[{"shape_attributes":{"name":"polygon","all_points_x":[148,150,150,150,148,148],"all_points_y":[137,138,140,141,141,138]},"region_attributes":{"Fire":"1"}}],"file_attributes":{}},"Video12_Frame_140.jpg32919":{"filename":"Video12_Frame_140.jpg","size":32919,"regions":[{"shape_attributes":{"name":"polygon","all_points_x":[148,150,150,150,149,148],"all_points_y":[137,137,139,141,140,140]},"region_attributes":{"Fire":"1"}}],"file_attributes":{}}},"_via_attributes":{"region":{"Fire":{"type":"text","description":"1","default_value":"1"}},"file":{}},"_via_data_format_version":"2.0.10","_via_image_id_list":["Video12_Frame_001.jpg20870","Video12_Frame_002.jpg21453","Video12_Frame_003.jpg21925","Video12_Frame_004.jpg22677","Video12_Frame_005.jpg23824","Video12_Frame_006.jpg26192","Video12_Frame_007.jpg25850","Video12_Frame_008.jpg26541","Video12_Frame_009.jpg26034","Video12_Frame_010.jpg26765","Video12_Frame_011.jpg26214","Video12_Frame_012.jpg26431","Video12_Frame_013.jpg30043","Video12_Frame_014.jpg28942","Video12_Frame_015.jpg29593","Video12_Frame_016.jpg29655","Video12_Frame_017.jpg28942","Video12_Frame_018.jpg29331","Video12_Frame_019.jpg28870","Video12_Frame_020.jpg29663","Video12_Frame_021.jpg29657","Video12_Frame_022.jpg28982","Video12_Frame_023.jpg29667","Video12_Frame_024.jpg29759","Video12_Frame_025.jpg27856","Video12_Frame_026.jpg29213","Video12_Frame_027.jpg29352","Video12_Frame_028.jpg28423","Video12_Frame_029.jpg28442","Video12_Frame_030.jpg28339","Video12_Frame_031.jpg28373","Video12_Frame_032.jpg30882","Video12_Frame_033.jpg29871","Video12_Frame_034.jpg29786","Video12_Frame_035.jpg30521","Video12_Frame_036.jpg30619","Video12_Frame_037.jpg28209","Video12_Frame_038.jpg29633","Video12_Frame_039.jpg29656","Video12_Frame_040.jpg28608","Video12_Frame_041.jpg29701","Video12_Frame_042.jpg29871","Video12_Frame_043.jpg29926","Video12_Frame_044.jpg29991","Video12_Frame_045.jpg31073","Video12_Frame_046.jpg28522","Video12_Frame_047.jpg28421","Video12_Frame_048.jpg28479","Video12_Frame_049.jpg31156","Video12_Frame_050.jpg31201","Video12_Frame_051.jpg29992","Video12_Frame_052.jpg30829","Video12_Frame_053.jpg29941","Video12_Frame_054.jpg29898","Video12_Frame_055.jpg30714","Video12_Frame_056.jpg29898","Video12_Frame_057.jpg30772","Video12_Frame_058.jpg29948","Video12_Frame_059.jpg30556","Video12_Frame_060.jpg30029","Video12_Frame_061.jpg30732","Video12_Frame_062.jpg30009","Video12_Frame_063.jpg30000","Video12_Frame_064.jpg30710","Video12_Frame_065.jpg30765","Video12_Frame_066.jpg28951","Video12_Frame_067.jpg30152","Video12_Frame_068.jpg29261","Video12_Frame_069.jpg29245","Video12_Frame_070.jpg29186","Video12_Frame_071.jpg29190","Video12_Frame_072.jpg29042","Video12_Frame_073.jpg29018","Video12_Frame_074.jpg31497","Video12_Frame_075.jpg31484","Video12_Frame_076.jpg31462","Video12_Frame_077.jpg31586","Video12_Frame_078.jpg31665","Video12_Frame_079.jpg32216","Video12_Frame_080.jpg29760","Video12_Frame_081.jpg31003","Video12_Frame_082.jpg30113","Video12_Frame_083.jpg29986","Video12_Frame_084.jpg29988","Video12_Frame_085.jpg29680","Video12_Frame_086.jpg29675","Video12_Frame_087.jpg29632","Video12_Frame_088.jpg31847","Video12_Frame_089.jpg30848","Video12_Frame_090.jpg30789","Video12_Frame_091.jpg30741","Video12_Frame_092.jpg29808","Video12_Frame_093.jpg29828","Video12_Frame_094.jpg29755","Video12_Frame_095.jpg29757","Video12_Frame_096.jpg29768","Video12_Frame_097.jpg29803","Video12_Frame_098.jpg29789","Video12_Frame_099.jpg31956","Video12_Frame_100.jpg32072","Video12_Frame_101.jpg32090","Video12_Frame_102.jpg32118","Video12_Frame_103.jpg32156","Video12_Frame_104.jpg32473","Video12_Frame_105.jpg32442","Video12_Frame_106.jpg32544","Video12_Frame_107.jpg32552","Video12_Frame_108.jpg32534","Video12_Frame_109.jpg32567","Video12_Frame_110.jpg32629","Video12_Frame_111.jpg32618","Video12_Frame_112.jpg32655","Video12_Frame_113.jpg32696","Video12_Frame_114.jpg32704","Video12_Frame_115.jpg32732","Video12_Frame_116.jpg32705","Video12_Frame_117.jpg32751","Video12_Frame_118.jpg32748","Video12_Frame_119.jpg32745","Video12_Frame_120.jpg32713","Video12_Frame_121.jpg32741","Video12_Frame_122.jpg32760","Video12_Frame_123.jpg32736","Video12_Frame_124.jpg32761","Video12_Frame_125.jpg32818","Video12_Frame_126.jpg32765","Video12_Frame_127.jpg32821","Video12_Frame_128.jpg32835","Video12_Frame_129.jpg32862","Video12_Frame_130.jpg32885","Video12_Frame_131.jpg32873","Video12_Frame_132.jpg32924","Video12_Frame_133.jpg32880","Video12_Frame_134.jpg32923","Video12_Frame_135.jpg32919","Video12_Frame_136.jpg32932","Video12_Frame_137.jpg32892","Video12_Frame_138.jpg32903","Video12_Frame_139.jpg32928","Video12_Frame_140.jpg32919"]}